timestamp_ms,fps,frame_ms,gc_pause_ms,heap_used_mb,loaded_chunks,meshed_chunks,pending_mesh_jobs,pending_io_jobs,mesh_quads,main_thread_blocked_ms,bytes_written_total,chunks_saved_total,io_flush_ms,io_queue_high_water,io_jobs_dropped,io_jobs_merged,io_jobs_enqueued,io_backpressure_ms
118,0.00,91.664,1,23,18,0,6,0,0,0,0,0,0,0,0,0,0,0
222,0.00,15.537,2,131,50,2,14,0,24027,0,0,0,0,0,0,0,0,0
342,0.00,18.012,6,47,108,8,31,0,78073,0,0,0,0,0,0,0,0,0
445,0.00,13.323,0,181,196,10,67,0,94657,0,0,0,0,0,0,0,0,0
551,0.00,12.027,0,355,274,13,100,0,112797,0,0,0,0,0,0,0,0,0
658,0.00,12.085,7,314,354,22,112,0,174358,0,0,0,0,0,0,0,0,0
762,0.00,14.978,6,315,434,33,123,0,250766,0,0,0,0,0,0,0,0,0
864,0.00,12.697,4,281,504,47,124,0,350491,0,0,0,0,0,0,0,0,0
970,57.00,19.572,6,157,574,63,121,0,465207,0,0,0,0,0,0,0,0,0
1079,57.00,15.741,0,619,644,85,101,0,598872,0,0,0,0,0,0,0,0,0
1197,57.00,23.797,7,592,704,108,78,0,755268,0,0,0,0,0,0,0,0,0
1311,57.00,18.127,7,561,764,135,54,0,920358,0,0,0,0,0,0,0,0,0
1416,57.00,22.833,6,456,814,157,33,0,1072020,0,0,0,0,0,0,0,0,0
1547,57.00,27.909,6,591,864,180,5,0,1214427,0,0,0,0,0,0,0,0,0
1665,57.00,29.433,23,501,904,188,0,0,1261138,0,0,0,0,0,0,0,0,0
1776,57.00,11.619,0,607,934,188,2,0,1261138,0,0,0,0,0,0,0,0,0
1903,57.00,28.588,0,755,974,190,0,0,1267106,0,0,0,0,0,0,0,0,0
2026,44.00,31.612,0,841,1001,191,2,0,1269995,0,0,0,0,0,0,0,0,0
2150,44.00,32.060,0,865,1025,193,0,0,1285069,0,0,0,0,0,0,0,0,0
2253,44.00,35.401,0,877,1043,193,0,0,1285069,0,0,0,0,0,0,0,0,0
2354,44.00,33.458,0,889,1061,193,0,0,1285069,0,0,0,0,0,0,0,0,0
2466,44.00,35.933,0,899,1079,193,0,0,1285069,0,0,0,0,0,0,0,0,0
2575,44.00,38.143,0,949,1097,194,0,0,1292267,0,0,0,0,0,0,0,0,0
2681,44.00,36.641,0,959,1115,194,0,0,1292267,0,0,0,0,0,0,0,0,0
2788,44.00,35.860,0,969,1133,194,0,0,1292267,0,0,0,0,0,0,0,0,0
2899,44.00,35.685,0,979,1151,194,0,0,1292267,0,0,0,0,0,0,0,0,0
3007,29.00,35.939,0,991,1169,194,0,0,1292267,0,0,0,0,0,0,0,0,0
3121,29.00,38.368,0,1091,1187,197,0,0,1309906,0,0,0,0,0,0,0,0,0
3223,29.00,35.140,0,1101,1205,197,0,0,1309906,0,0,0,0,0,0,0,0,0
3336,29.00,37.389,0,1113,1223,197,0,0,1309906,0,0,0,0,0,0,0,0,0
3473,29.00,36.535,0,1125,1241,197,0,0,1309906,0,0,0,0,0,0,0,0,0
3617,29.00,48.397,0,1139,1265,197,0,0,1309906,0,0,0,0,0,0,0,0,0
3735,29.00,36.539,7,313,1279,197,0,0,1309906,0,0,0,0,0,0,0,0,0
3840,29.00,36.440,0,313,1279,197,0,0,1309906,0,0,0,0,0,0,0,0,0
3950,27.00,36.166,0,315,1279,197,0,0,1309906,0,0,0,0,0,0,0,0,0
4058,27.00,35.447,0,315,1279,197,0,0,1309906,0,0,0,0,0,0,0,0,0
4163,27.00,36.159,0,315,1279,197,0,0,1309906,0,0,0,0,0,0,0,0,0
4271,27.00,36.221,0,373,1279,197,0,0,1309906,0,0,0,0,0,0,0,0,0
4379,27.00,36.864,0,373,1279,197,0,0,1309906,0,0,0,0,0,0,0,0,0
4487,27.00,36.278,0,373,1279,197,0,0,1309906,0,0,0,0,0,0,0,0,0
4606,27.00,38.576,0,375,1279,197,0,0,1309906,0,0,0,0,0,0,0,0,0
4726,27.00,39.106,0,375,1279,197,0,0,1309906,0,0,0,0,0,0,0,0,0
4835,27.00,35.110,0,385,1279,197,0,0,1309906,0,0,0,0,0,0,0,0,0
4942,27.00,34.870,0,385,1279,197,0,0,1309906,0,0,0,0,0,0,0,0,0
5042,27.00,33.834,0,385,1279,197,0,0,1309906,0,0,0,0,0,0,0,0,0
5148,27.00,34.821,0,385,1279,197,0,0,1309906,0,0,0,0,0,0,0,0,0
5254,27.00,35.655,0,385,1279,197,0,0,1309906,0,0,0,0,0,0,0,0,0
5389,27.00,35.524,0,389,1279,197,0,0,1309906,0,0,0,0,0,0,0,0,0
5492,27.00,34.028,0,389,1279,197,0,0,1309906,0,0,0,0,0,0,0,0,0
5595,27.00,33.306,0,389,1279,197,0,0,1309906,0,0,0,0,0,0,0,0,0
5698,27.00,33.736,0,389,1279,197,0,0,1309906,0,0,0,0,0,0,0,0,0
5803,27.00,33.893,0,389,1279,197,0,0,1309906,0,0,0,0,0,0,0,0,0
5906,27.00,33.761,0,391,1279,197,0,0,1309906,0,0,0,0,0,0,0,0,0
6006,29.00,34.320,0,391,1279,197,0,0,1309906,0,0,0,0,0,0,0,0,0
6108,29.00,34.221,0,391,1279,197,0,0,1309906,0,0,0,0,0,0,0,0,0
6240,29.00,33.735,0,395,1279,197,0,0,1309906,0,0,0,0,0,0,0,0,0
6349,29.00,36.585,0,447,1291,197,0,0,1309906,0,0,0,0,0,0,0,0,0
6449,29.00,33.326,0,457,1309,197,0,0,1309906,0,0,0,0,0,0,0,0,0
6551,29.00,33.705,0,457,1311,197,0,0,1309906,0,0,0,0,0,0,0,0,0
6654,29.00,33.259,0,457,1311,197,0,0,1309906,0,0,0,0,0,0,0,0,0
6757,29.00,33.235,0,457,1311,197,0,0,1309906,0,0,0,0,0,0,0,0,0
6863,29.00,34.213,0,493,1311,198,0,0,1315681,0,0,0,0,0,0,0,0,0
6995,29.00,33.906,0,493,1311,198,0,0,1315681,0,0,0,0,0,0,0,0,0
7096,29.00,32.599,0,493,1311,198,0,0,1315681,0,0,0,0,0,0,0,0,0
7228,29.00,32.777,0,493,1311,198,0,0,1315681,0,0,0,0,0,0,0,0,0
7330,29.00,33.097,0,511,1311,198,1,0,1315681,0,0,0,0,0,0,0,0,0
7459,29.00,32.019,0,523,1311,199,0,0,1322029,0,0,0,0,0,0,0,0,0
7588,29.00,32.242,0,523,1311,199,0,0,1322029,0,0,0,0,0,0,0,0,0
7691,29.00,34.161,0,523,1311,199,0,0,1322029,0,0,0,0,0,0,0,0,0
7820,29.00,33.305,0,525,1311,199,0,0,1322029,0,0,0,0,0,0,0,0,0
7953,30.00,33.656,0,525,1311,199,0,0,1322029,0,0,0,0,0,0,0,0,0
8087,30.00,33.570,0,525,1311,199,0,0,1322029,0,0,0,0,0,0,0,0,0
8221,30.00,33.844,0,525,1311,199,0,0,1322029,0,0,0,0,0,0,0,0,0
8353,30.00,34.210,0,525,1311,199,0,0,1322029,0,0,0,0,0,0,0,0,0
8484,30.00,34.041,0,525,1311,199,0,0,1322029,0,0,0,0,0,0,0,0,0
8628,30.00,33.935,0,529,1308,199,0,0,1322029,0,1235,3,5,2,0,0,3,0
8748,30.00,34.617,0,545,1332,199,0,0,1322029,0,1235,3,5,2,0,0,3,0
8849,30.00,33.983,0,605,1346,201,0,0,1334063,0,1235,3,5,2,0,0,3,0
8976,31.00,31.973,0,607,1346,201,0,0,1334063,0,1235,3,5,2,0,0,3,0
9076,31.00,34.124,0,607,1346,201,0,0,1334063,0,1235,3,5,2,0,0,3,0
9207,31.00,33.898,0,607,1346,201,0,0,1334063,0,1235,3,5,2,0,0,3,0
9311,31.00,32.352,0,657,1346,201,2,0,1334063,0,1235,3,5,2,0,0,3,0
9436,31.00,32.820,0,677,1347,203,0,0,1347456,0,4085,8,8,4,0,0,8,0
9568,31.00,34.444,0,685,1366,203,0,0,1347456,0,4085,8,8,4,0,0,8,0
9697,31.00,31.565,0,685,1366,203,0,0,1347456,0,4085,8,8,4,0,0,8,0
9804,31.00,33.382,0,739,1366,203,3,0,1347456,0,4085,8,8,4,0,0,8,0
9932,30.00,33.665,0,763,1366,206,0,0,1367741,0,4085,8,8,4,0,0,8,0
10060,30.00,35.067,0,763,1366,206,0,0,1367741,0,4085,8,8,4,0,0,8,0
10189,30.00,32.982,0,763,1366,206,0,0,1367741,0,4085,8,8,4,0,0,8,0
10289,30.00,32.112,0,777,1366,206,0,0,1367741,0,4085,8,8,4,0,0,8,0
10416,30.00,31.883,0,777,1366,206,0,0,1367741,0,4085,8,8,4,0,0,8,0
10546,30.00,32.678,0,777,1366,206,0,0,1367741,0,4085,8,8,4,0,0,8,0
10675,30.00,30.986,0,777,1366,206,0,0,1367741,0,4085,8,8,4,0,0,8,0
10809,30.00,34.967,0,805,1366,206,0,0,1367741,0,4085,8,8,4,0,0,8,0
10936,31.00,33.519,0,807,1369,206,0,0,1367741,0,4085,8,8,4,0,0,8,0
11064,31.00,30.903,0,815,1367,206,0,0,1367741,0,8288,16,11,7,0,0,16,0
11194,31.00,32.850,0,821,1382,206,0,0,1367741,0,8288,16,11,7,0,0,16,0
11297,31.00,33.529,0,885,1382,207,0,0,1375388,0,8288,16,11,7,0,0,16,0
11424,31.00,31.654,0,885,1382,207,0,0,1375388,0,8288,16,11,7,0,0,16,0
11525,31.00,34.565,0,885,1382,207,0,0,1375388,0,8288,16,11,7,0,0,16,0
11655,31.00,34.502,0,885,1382,207,0,0,1375388,0,8288,16,11,7,0,0,16,0
11756,31.00,32.956,0,895,1382,207,0,0,1375388,0,8288,16,11,7,0,0,16,0
11886,31.00,33.556,0,895,1382,207,0,0,1375388,0,8288,16,11,7,0,0,16,0
11988,30.00,34.747,0,895,1382,207,0,0,1375388,0,8288,16,11,7,0,0,16,0
12120,30.00,34.092,0,895,1382,207,0,0,1375388,0,8288,16,11,7,0,0,16,0
12250,30.00,33.666,0,895,1382,207,0,0,1375388,0,8288,16,11,7,0,0,16,0
12385,30.00,33.901,0,895,1382,207,0,0,1375388,0,8288,16,11,7,0,0,16,0
12522,30.00,32.292,0,901,1366,207,0,0,1375388,0,17320,32,16,15,0,0,32,0
12652,30.00,33.775,0,907,1381,207,0,0,1375388,0,17320,32,16,15,0,0,32,0
12758,30.00,35.215,0,931,1381,207,0,0,1375388,0,17320,32,16,15,0,0,32,0
12892,30.00,34.031,0,931,1381,207,0,0,1375388,0,17320,32,16,15,0,0,32,0
12995,30.00,34.041,0,931,1381,207,0,0,1375388,0,17320,32,16,15,0,0,32,0
13099,30.00,33.819,0,933,1381,207,0,0,1375388,0,17320,32,16,15,0,0,32,0
13202,30.00,33.478,0,933,1381,207,0,0,1375388,0,17320,32,16,15,0,0,32,0
13305,30.00,33.646,0,933,1381,207,0,0,1375388,0,17320,32,16,15,0,0,32,0
13406,30.00,34.293,0,933,1381,207,0,0,1375388,0,17320,32,16,15,0,0,32,0
13509,30.00,34.657,0,935,1381,207,0,0,1375388,0,17320,32,16,15,0,0,32,0
13612,30.00,33.818,0,935,1381,207,0,0,1375388,0,17320,32,16,15,0,0,32,0
13714,30.00,33.812,0,935,1381,207,0,0,1375388,0,17320,32,16,15,0,0,32,0
13823,30.00,45.190,0,979,1366,207,0,0,1375388,0,32472,59,29,15,0,0,59,0
13931,29.00,35.858,0,985,1382,207,0,0,1375388,0,32472,59,29,15,0,0,59,0
14039,29.00,33.097,0,985,1382,207,0,0,1375388,0,32472,59,29,15,0,0,59,0
14145,29.00,35.168,0,985,1382,207,0,0,1375388,0,32472,59,29,15,0,0,59,0
14247,29.00,34.053,0,985,1382,207,0,0,1375388,0,32472,59,29,15,0,0,59,0
14356,29.00,34.736,0,1019,1382,208,0,0,1380643,0,32472,59,29,15,0,0,59,0
14456,29.00,34.487,0,1019,1382,208,0,0,1380643,0,32472,59,29,15,0,0,59,0
14558,29.00,34.336,0,1025,1382,208,0,0,1380643,0,37023,66,33,15,0,0,66,0
14666,29.00,39.180,0,1025,1382,208,0,0,1380643,0,37023,66,33,15,0,0,66,0
14775,29.00,36.063,0,1025,1382,208,0,0,1380643,0,37023,66,33,15,0,0,66,0
14883,29.00,36.233,0,1037,1382,208,0,0,1380643,0,37023,66,33,15,0,0,66,0
14989,29.00,35.161,0,1037,1382,208,0,0,1380643,0,37023,66,33,15,0,0,66,0
15094,29.00,33.002,0,1037,1382,208,0,0,1380643,0,37023,66,33,15,0,0,66,0
15200,29.00,35.894,0,1037,1382,208,0,0,1380643,0,37023,66,33,15,0,0,66,0
15303,29.00,33.823,0,1037,1382,208,0,0,1380643,0,37023,66,33,15,0,0,66,0
15408,29.00,34.605,0,1037,1382,208,0,0,1380643,0,37023,66,33,15,0,0,66,0
15513,29.00,35.807,0,1037,1382,208,0,0,1380643,0,37023,66,33,15,0,0,66,0
15618,29.00,34.252,0,1037,1382,208,0,0,1380643,0,37023,66,33,15,0,0,66,0
15720,29.00,36.891,0,1047,1380,208,0,0,1380643,0,44909,80,40,15,0,0,80,0
15826,29.00,35.743,0,1047,1382,208,0,0,1380643,0,44909,80,40,15,0,0,80,0
15935,28.00,37.026,0,1111,1382,210,0,0,1395571,0,44909,80,40,15,0,0,80,0
16038,28.00,34.747,0,1111,1382,210,0,0,1395571,0,44909,80,40,15,0,0,80,0
16144,28.00,35.694,0,1111,1382,210,0,0,1395571,0,44909,80,40,15,0,0,80,0
16247,28.00,34.534,0,1111,1382,210,0,0,1395571,0,44909,80,40,15,0,0,80,0
16350,28.00,35.326,0,1111,1382,210,0,0,1395571,0,44909,80,40,15,0,0,80,0
16452,28.00,34.686,0,1115,1382,210,0,0,1395571,0,44909,80,40,15,0,0,80,0
16556,28.00,33.934,0,1115,1382,210,0,0,1395571,0,44909,80,40,15,0,0,80,0
16659,28.00,34.593,0,1115,1382,210,0,0,1395571,0,44909,80,40,15,0,0,80,0
16769,28.00,43.130,0,1127,1360,210,0,0,1395571,0,63434,114,53,15,0,0,114,0
16874,28.00,33.938,0,1137,1378,210,0,0,1395571,0,63434,114,53,15,0,0,114,0
16983,29.00,39.919,8,375,1381,212,0,0,1411693,0,63434,114,53,15,0,0,114,0
17116,29.00,35.196,0,375,1381,212,0,0,1411693,0,63434,114,53,15,0,0,114,0
17217,29.00,33.714,0,375,1381,212,0,0,1411693,0,63434,114,53,15,0,0,114,0
17319,29.00,32.721,0,375,1381,212,0,0,1411693,0,63434,114,53,15,0,0,114,0
17420,29.00,32.699,0,375,1381,212,0,0,1411693,0,63434,114,53,15,0,0,114,0
17520,29.00,34.312,0,495,1381,219,0,0,1452772,0,63434,114,53,15,0,0,114,0
17621,29.00,34.866,0,495,1381,219,0,0,1452772,0,63434,114,53,15,0,0,114,0
17754,29.00,34.107,0,495,1381,219,0,0,1452772,0,63434,114,53,15,0,0,114,0
17876,29.00,31.288,0,505,1342,219,0,0,1452772,0,84046,153,73,15,0,0,153,0
17999,29.00,37.020,0,599,1354,221,0,0,1462708,0,89292,165,77,15,0,0,165,0
18125,29.00,31.713,0,607,1372,221,0,0,1462708,0,89292,165,77,15,0,0,165,0
18252,29.00,30.659,0,607,1372,221,0,0,1462708,0,89292,165,77,15,0,0,165,0
18381,29.00,30.938,0,607,1372,221,0,0,1462708,0,89292,165,77,15,0,0,165,0
18509,29.00,33.581,0,701,1372,226,0,0,1493893,0,89292,165,77,15,0,0,165,0
18635,29.00,32.162,0,701,1372,226,0,0,1493893,0,89292,165,77,15,0,0,165,0
18758,29.00,30.292,0,701,1372,226,0,0,1493893,0,89292,165,77,15,0,0,165,0
18882,29.00,30.946,0,715,1373,226,0,0,1493893,0,96881,182,87,15,0,0,182,0
19005,32.00,30.228,0,775,1374,230,0,0,1512337,0,96881,182,87,15,0,0,182,0
19126,32.00,30.214,0,775,1374,230,0,0,1512337,0,96881,182,87,15,0,0,182,0
19249,32.00,30.360,0,775,1374,230,0,0,1512337,0,96881,182,87,15,0,0,182,0
19375,32.00,30.254,0,837,1374,230,4,0,1512337,0,96881,182,87,15,0,0,182,0
19491,32.00,29.507,0,887,1374,237,0,0,1550150,0,96881,182,87,15,0,0,182,0
19610,32.00,29.644,0,887,1374,237,0,0,1550150,0,96881,182,87,15,0,0,182,0
19734,32.00,28.960,0,903,1363,237,0,0,1550150,0,111240,211,101,15,0,0,211,0
19860,32.00,31.564,0,949,1378,239,0,0,1558787,0,111240,211,101,15,0,0,211,0
19976,33.00,30.082,0,951,1378,239,0,0,1558787,0,111240,211,101,15,0,0,211,0
20097,33.00,30.011,0,951,1378,239,0,0,1558787,0,111240,211,101,15,0,0,211,0
20215,33.00,28.949,0,957,1381,239,0,0,1558787,0,116053,219,104,15,0,0,219,0
20335,33.00,30.075,0,965,1381,239,0,0,1558787,0,116053,219,104,15,0,0,219,0
20456,33.00,29.885,0,965,1381,239,0,0,1558787,0,116053,219,104,15,0,0,219,0
20578,33.00,30.334,0,981,1381,239,0,0,1558787,0,116053,219,104,15,0,0,219,0
20700,33.00,29.539,0,1019,1372,239,0,0,1558787,0,130837,246,115,15,0,0,246,0
20822,33.00,31.354,0,1109,1382,242,0,0,1577834,0,130837,246,115,15,0,0,246,0
20942,33.00,30.053,0,1127,1382,242,0,0,1577834,0,130837,246,115,15,0,0,246,0
21062,33.00,30.385,0,1145,1382,242,0,0,1577834,0,130837,246,115,15,0,0,246,0
21187,33.00,29.723,0,1215,1382,242,0,0,1577834,0,130837,246,115,15,0,0,246,0
21305,33.00,29.087,0,1247,1381,244,0,0,1590190,0,141204,265,122,15,0,0,265,0
21421,33.00,30.558,0,1265,1382,244,0,0,1590190,0,141204,265,122,15,0,0,265,0
21542,33.00,30.212,0,1283,1382,244,0,0,1590190,0,141204,265,122,15,0,0,265,0
21643,33.00,29.846,6,333,1382,244,0,0,1590190,0,141204,265,122,15,0,0,265,0
21752,33.00,28.782,0,349,1382,246,0,0,1601775,0,141204,265,122,15,0,0,265,0
21872,33.00,30.079,0,369,1382,246,0,0,1601775,0,141204,265,122,15,0,0,265,0
21992,33.00,29.971,0,387,1382,246,0,0,1601775,0,141204,265,122,15,0,0,265,0
22121,33.00,37.180,0,527,1367,251,0,0,1639605,0,156000,292,133,15,0,0,292,0
22237,33.00,29.816,0,551,1382,251,0,0,1639605,0,156000,292,133,15,0,0,292,0
22357,33.00,30.162,0,571,1382,251,0,0,1639605,0,156000,292,133,15,0,0,292,0
22477,33.00,30.136,0,589,1382,251,0,0,1639605,0,156000,292,133,15,0,0,292,0
22599,33.00,29.929,0,633,1382,252,0,0,1646388,0,156000,292,133,15,0,0,292,0
22719,33.00,29.967,0,653,1382,252,0,0,1646388,0,156000,292,133,15,0,0,292,0
22840,33.00,30.073,0,671,1382,252,0,0,1646388,0,156000,292,133,15,0,0,292,0
22966,33.00,30.201,0,713,1364,252,0,0,1646388,0,176174,328,149,15,0,0,328,0
23089,33.00,31.608,0,847,1382,256,0,0,1676003,0,176174,328,149,15,0,0,328,0
23210,33.00,30.010,0,865,1382,256,0,0,1676003,0,176174,328,149,15,0,0,328,0
23331,33.00,29.953,0,885,1382,256,0,0,1676003,0,176174,328,149,15,0,0,328,0
23456,33.00,30.038,0,929,1382,256,0,0,1676003,0,176174,328,149,15,0,0,328,0
23569,33.00,29.663,0,929,1382,257,0,0,1683458,0,176174,328,149,15,0,0,328,0
23690,33.00,30.040,0,929,1382,257,0,0,1683458,0,176174,328,149,15,0,0,328,0
23801,33.00,30.038,0,937,1343,257,0,4,1683458,0,195707,362,169,20,0,0,367,0
23929,33.00,31.753,0,1055,1355,257,0,0,1683458,0,205120,379,180,20,0,0,379,0
24043,33.00,31.271,0,1067,1379,262,0,0,1713779,0,205120,379,180,20,0,0,379,0
24166,33.00,30.531,0,1067,1381,262,0,0,1713779,0,205120,379,180,20,0,0,379,0
24289,33.00,30.639,0,1067,1381,262,0,0,1713779,0,205120,379,180,20,0,0,379,0
24411,33.00,30.140,0,1073,1381,262,0,0,1713779,0,205120,379,180,20,0,0,379,0
24534,33.00,30.788,0,1075,1381,262,0,0,1713779,0,205120,379,180,20,0,0,379,0
24657,33.00,30.283,0,1075,1381,262,0,0,1713779,0,205120,379,180,20,0,0,379,0
24782,33.00,30.900,0,1075,1381,262,0,0,1713779,0,205120,379,180,20,0,0,379,0
24916,33.00,31.186,0,1085,1362,262,0,0,1713779,0,215768,398,196,20,0,0,398,0
25034,32.00,31.460,0,1093,1381,262,0,0,1713779,0,215768,398,196,20,0,0,398,0
25160,32.00,32.066,0,1093,1381,262,0,0,1713779,0,215768,398,196,20,0,0,398,0
25286,32.00,32.533,0,1093,1381,262,0,0,1713779,0,215768,398,196,20,0,0,398,0
25414,32.00,32.070,0,1115,1381,263,0,0,1718659,0,215768,398,196,20,0,0,398,0
25516,32.00,41.744,0,1129,1367,263,0,0,1718659,0,230290,424,218,20,0,0,424,0
25647,32.00,33.443,0,1135,1382,263,0,0,1718659,0,230290,424,218,20,0,0,424,0
25781,32.00,42.215,0,1151,1366,263,0,0,1718659,0,245807,452,242,20,0,0,452,0
25914,32.00,33.870,0,1225,1381,265,0,0,1728904,0,245807,452,242,20,0,0,452,0
26043,31.00,31.071,0,1225,1381,265,0,0,1728904,0,245807,452,242,20,0,0,452,0
26150,31.00,31.802,0,1229,1375,265,0,0,1728904,0,249910,458,247,20,0,0,458,0
26270,31.00,31.130,0,1229,1382,265,0,0,1728904,0,249910,458,247,20,0,0,458,0
26371,31.00,34.574,0,1245,1382,266,0,0,1733599,0,249910,458,247,20,0,0,458,0
26506,31.00,34.390,0,1245,1382,266,0,0,1733599,0,249910,458,247,20,0,0,458,0
26610,31.00,42.439,0,1261,1368,266,0,0,1733599,0,266245,484,268,20,0,0,484,0
26710,31.00,32.906,0,1265,1382,266,0,0,1733599,0,266245,484,268,20,0,0,484,0
26821,31.00,34.610,0,1311,1382,266,0,0,1733599,0,266245,484,268,20,0,0,484,0
26946,30.00,32.373,0,1311,1382,269,0,0,1747103,0,266245,484,268,20,0,0,484,0
27047,30.00,32.494,0,1311,1382,269,0,0,1747103,0,266245,484,268,20,0,0,484,0
27150,30.00,34.581,0,1311,1382,269,0,0,1747103,0,266245,484,268,20,0,0,484,0
27251,30.00,34.432,0,1311,1382,269,0,0,1747103,0,266245,484,268,20,0,0,484,0
27355,30.00,34.234,0,1315,1382,269,0,0,1747103,0,266245,484,268,20,0,0,484,0
27480,30.00,33.692,5,316,1346,269,0,3,1747103,0,286917,516,302,20,0,0,520,0
27607,30.00,35.468,0,334,1370,269,0,0,1747103,0,289355,520,304,20,0,0,520,0
27710,30.00,33.735,0,338,1381,269,0,0,1747103,0,289355,520,304,20,0,0,520,0
27827,30.00,34.930,0,346,1363,269,0,0,1747103,0,298781,537,320,20,0,0,538,0
27955,29.00,36.103,0,422,1381,272,0,0,1767843,0,299239,538,321,20,0,0,538,0
28060,29.00,35.283,0,422,1381,272,0,0,1767843,0,299239,538,321,20,0,0,538,0
28163,29.00,33.903,0,422,1381,272,0,0,1767843,0,299239,538,321,20,0,0,538,0
28266,29.00,34.005,0,422,1381,272,0,0,1767843,0,299239,538,321,20,0,0,538,0
28369,29.00,33.322,0,470,1381,272,0,0,1767843,0,299239,538,321,20,0,0,538,0
28469,29.00,34.128,0,470,1381,274,0,0,1779713,0,299239,538,321,20,0,0,538,0
28572,29.00,34.396,0,470,1381,274,0,0,1779713,0,299239,538,321,20,0,0,538,0
28676,29.00,34.164,0,470,1381,274,0,0,1779713,0,299239,538,321,20,0,0,538,0
28816,29.00,43.710,0,484,1368,274,0,0,1779713,0,312446,563,344,20,0,0,563,0
28922,28.00,35.364,0,538,1382,276,0,0,1795855,0,312446,563,344,20,0,0,563,0
29056,28.00,34.592,0,538,1382,276,0,0,1795855,0,312446,563,344,20,0,0,563,0
29158,28.00,34.546,0,538,1382,276,0,0,1795855,0,312446,563,344,20,0,0,563,0
29270,28.00,34.109,0,546,1355,276,0,0,1795855,0,327849,590,363,20,0,0,590,0
29409,28.00,39.046,0,624,1379,276,1,0,1795855,0,327849,590,363,20,0,0,590,0
29553,28.00,33.463,0,634,1353,279,0,10,1814139,0,337588,607,376,21,0,0,618,0
29682,28.00,34.842,0,650,1371,279,0,0,1814139,0,345849,624,388,21,0,0,624,0
29815,28.00,32.928,0,650,1378,279,0,0,1814139,0,345849,624,388,21,0,0,624,0
29924,28.00,32.873,0,680,1378,279,0,0,1814139,0,345849,624,388,21,0,0,624,0
30056,30.00,34.996,0,680,1378,280,0,0,1820826,0,345849,624,388,21,0,0,624,0
30187,30.00,33.565,0,682,1378,280,0,0,1820826,0,345849,624,388,21,0,0,624,0
30287,30.00,33.166,0,682,1378,280,0,0,1820826,0,345849,624,388,21,0,0,624,0
30401,30.00,32.915,0,690,1352,280,0,2,1820826,0,357988,647,412,21,0,0,650,0
30524,30.00,33.071,0,770,1376,283,0,0,1839937,0,359331,650,414,21,0,0,650,0
30655,30.00,31.728,0,770,1380,283,0,0,1839937,0,359331,650,414,21,0,0,650,0
30787,30.00,33.285,0,770,1380,283,0,0,1839937,0,359331,650,414,21,0,0,650,0
30917,30.00,31.661,0,778,1380,283,0,0,1839937,0,359331,650,414,21,0,0,650,0
31041,30.00,31.537,0,780,1380,283,0,0,1839937,0,359331,650,414,21,0,0,650,0
31170,30.00,33.125,0,780,1380,283,0,0,1839937,0,359331,650,414,21,0,0,650,0
31298,30.00,31.695,0,780,1380,283,0,0,1839937,0,359331,650,414,21,0,0,650,0
31438,30.00,43.707,0,858,1356,285,0,0,1855620,0,377658,686,449,23,0,0,686,0
31559,30.00,30.680,0,876,1363,285,0,0,1855620,0,385863,703,461,23,0,0,703,0
31684,30.00,30.582,0,880,1377,285,0,0,1855620,0,385863,703,461,23,0,0,703,0
31806,30.00,30.330,0,880,1377,285,0,0,1855620,0,385863,703,461,23,0,0,703,0
31928,31.00,31.775,0,902,1377,286,0,0,1861390,0,385863,703,461,23,0,0,703,0
32050,31.00,30.445,0,902,1377,286,0,0,1861390,0,385863,703,461,23,0,0,703,0
32170,31.00,30.038,0,902,1377,286,0,0,1861390,0,385863,703,461,23,0,0,703,0
32289,31.00,29.751,0,904,1377,286,0,0,1861390,0,385863,703,461,23,0,0,703,0
32405,31.00,28.471,0,920,1359,286,0,0,1861390,0,397066,727,481,23,0,0,727,0
32528,31.00,29.505,0,928,1380,286,0,0,1861390,0,397066,727,481,23,0,0,727,0
32647,31.00,29.943,0,928,1380,286,0,0,1861390,0,397066,727,481,23,0,0,727,0
32771,31.00,29.634,0,932,1380,286,0,0,1861390,0,397066,727,481,23,0,0,727,0
32888,31.00,29.768,0,934,1380,286,0,0,1861390,0,397066,727,481,23,0,0,727,0
33008,34.00,29.906,0,934,1380,286,0,0,1861390,0,397066,727,481,23,0,0,727,0
33128,34.00,30.199,0,934,1380,286,0,0,1861390,0,397066,727,481,23,0,0,727,0
33256,34.00,40.567,0,954,1358,286,0,0,1861390,0,413904,761,512,23,0,0,761,0
33375,34.00,30.013,0,964,1380,286,0,0,1861390,0,413904,761,512,23,0,0,761,0
33496,34.00,29.648,0,964,1380,286,0,0,1861390,0,413904,761,512,23,0,0,761,0
33616,34.00,29.443,0,966,1380,286,0,0,1861390,0,413904,761,512,23,0,0,761,0
33735,34.00,29.638,0,972,1380,286,0,0,1861390,0,413904,761,512,23,0,0,761,0
33854,34.00,30.135,0,972,1380,286,0,0,1861390,0,413904,761,512,23,0,0,761,0
33975,33.00,31.683,0,972,1380,286,0,0,1861390,0,413904,761,512,23,0,0,761,0
34101,33.00,29.206,0,992,1359,286,0,0,1861390,0,433741,800,543,25,0,0,800,0
34223,33.00,30.187,0,1034,1379,289,0,0,1872637,0,433741,800,543,25,0,0,800,0
34338,33.00,29.213,0,1034,1379,289,0,0,1872637,0,433741,800,543,25,0,0,800,0
34458,33.00,29.735,0,1034,1379,289,0,0,1872637,0,433741,800,543,25,0,0,800,0
34579,33.00,29.933,0,1042,1379,289,0,0,1872637,0,433741,800,543,25,0,0,800,0
34700,33.00,30.099,0,1042,1379,289,0,0,1872637,0,433741,800,543,25,0,0,800,0
34819,33.00,30.303,0,1052,1382,289,0,0,1872637,0,439675,810,555,25,0,0,810,0
34939,33.00,30.005,0,1052,1382,289,0,0,1872637,0,439675,810,555,25,0,0,810,0
35046,33.00,29.630,0,1072,1353,289,0,0,1872637,0,455497,839,576,25,0,0,839,0
35156,33.00,29.408,0,1086,1377,290,0,0,1877422,0,455497,839,576,25,0,0,839,0
35272,33.00,29.053,0,1086,1382,290,0,0,1877422,0,455497,839,576,25,0,0,839,0
35394,33.00,30.084,0,1086,1382,290,0,0,1877422,0,455497,839,576,25,0,0,839,0
35515,33.00,29.675,0,1086,1382,290,0,0,1877422,0,455497,839,576,25,0,0,839,0
35636,33.00,30.637,0,1086,1382,290,0,0,1877422,0,455497,839,576,25,0,0,839,0
35759,33.00,34.657,0,1100,1374,290,0,0,1877422,0,466276,859,599,25,0,0,859,0
35874,33.00,29.001,0,1102,1382,290,0,0,1877422,0,466276,859,599,25,0,0,859,0
35995,33.00,30.491,0,1102,1382,290,0,0,1877422,0,466276,859,599,25,0,0,859,0
36116,33.00,30.068,0,1102,1382,290,0,0,1877422,0,466276,859,599,25,0,0,859,0
36236,33.00,29.931,0,1102,1382,290,0,0,1877422,0,466276,859,599,25,0,0,859,0
36357,33.00,30.066,0,1102,1382,290,0,0,1877422,0,466276,859,599,25,0,0,859,0
36476,33.00,29.927,0,1102,1382,290,0,0,1877422,0,466276,859,599,25,0,0,859,0
36599,33.00,29.546,0,1120,1373,290,0,0,1877422,0,481072,886,628,25,0,0,886,0
36718,33.00,30.506,0,1122,1382,290,0,0,1877422,0,481072,886,628,25,0,0,886,0
36843,33.00,30.113,0,1122,1382,290,0,0,1877422,0,481072,886,628,25,0,0,886,0
36962,33.00,30.019,0,1124,1382,290,0,0,1877422,0,481072,886,628,25,0,0,886,0
37082,33.00,30.262,0,1124,1382,290,0,0,1877422,0,481072,886,628,25,0,0,886,0
37203,33.00,30.146,0,1124,1382,290,0,0,1877422,0,481072,886,628,25,0,0,886,0
37341,33.00,30.152,0,1132,1346,290,0,13,1877422,0,494229,908,650,25,0,0,922,0
37454,33.00,32.564,0,1148,1370,290,0,0,1877422,0,501246,922,660,25,0,0,922,0
37573,33.00,29.777,0,1152,1382,290,0,0,1877422,0,501246,922,660,25,0,0,922,0
37695,33.00,30.372,0,1152,1382,290,0,0,1877422,0,501246,922,660,25,0,0,922,0
37815,33.00,30.073,0,1152,1382,290,0,0,1877422,0,501246,922,660,25,0,0,922,0
37935,33.00,30.193,0,1160,1382,290,0,0,1877422,0,506646,932,670,25,0,0,932,0
38057,33.00,30.333,0,1160,1382,290,0,0,1877422,0,506646,932,670,25,0,0,932,0
38182,33.00,30.634,0,1160,1382,290,0,0,1877422,0,506646,932,670,25,0,0,932,0
38304,33.00,29.686,0,1160,1382,290,0,0,1877422,0,506646,932,670,25,0,0,932,0
38436,33.00,40.233,0,1176,1365,290,0,0,1877422,0,522312,961,698,25,0,0,961,0
38562,33.00,30.835,0,1184,1382,290,0,0,1877422,0,522312,961,698,25,0,0,961,0
38691,33.00,31.751,0,1184,1382,290,0,0,1877422,0,522312,961,698,25,0,0,961,0
38813,33.00,32.609,0,1184,1382,290,0,0,1877422,0,522312,961,698,25,0,0,961,0
38941,32.00,36.678,0,1198,1374,290,0,0,1877422,0,533484,981,719,25,0,0,981,0
39066,32.00,31.440,0,1198,1381,290,0,0,1877422,0,533484,981,719,25,0,0,981,0
39192,32.00,31.343,0,1198,1381,290,0,0,1877422,0,533484,981,719,25,0,0,981,0
39321,32.00,31.068,0,1198,1381,290,0,0,1877422,0,533484,981,719,25,0,0,981,0
39452,32.00,33.074,0,1198,1381,290,0,0,1877422,0,533484,981,719,25,0,0,981,0
39581,32.00,31.752,0,1200,1381,290,0,0,1877422,0,533484,981,719,25,0,0,981,0
39728,32.00,32.612,0,1208,1354,290,0,5,1877422,0,545091,1002,744,25,0,0,1008,0
39849,32.00,32.581,0,1222,1378,290,0,0,1877422,0,548316,1008,750,25,0,0,1008,0
39949,31.00,33.961,0,1222,1382,290,0,0,1877422,0,548316,1008,750,25,0,0,1008,0
40085,31.00,34.305,0,1222,1382,290,0,0,1877422,0,548316,1008,750,25,0,0,1008,0
40214,31.00,34.531,0,1226,1382,290,0,0,1877422,0,548316,1008,750,25,0,0,1008,0
40315,31.00,32.903,0,1226,1382,290,0,0,1877422,0,548316,1008,750,25,0,0,1008,0
40415,31.00,32.812,0,1226,1382,290,0,0,1877422,0,548316,1008,750,25,0,0,1008,0
40537,31.00,32.840,0,1234,1346,290,0,13,1877422,0,561334,1030,774,25,0,0,1044,0
40667,31.00,35.578,0,1250,1370,290,0,0,1877422,0,570535,1044,785,25,0,0,1044,0
40797,31.00,33.007,0,1252,1382,290,0,0,1877422,0,570535,1044,785,25,0,0,1044,0
40899,31.00,34.888,0,1252,1382,290,0,0,1877422,0,570535,1044,785,25,0,0,1044,0
41002,29.00,33.754,0,1266,1382,290,0,0,1877422,0,570535,1044,785,25,0,0,1044,0
41110,29.00,34.124,8,351,1378,290,0,0,1877422,0,577091,1054,795,25,0,0,1054,0
41241,29.00,35.300,0,371,1382,290,0,0,1877422,0,577091,1054,795,25,0,0,1054,0
41345,29.00,35.145,0,385,1382,290,0,0,1877422,0,577091,1054,795,25,0,0,1054,0
41448,29.00,33.791,0,399,1382,290,0,0,1877422,0,577091,1054,795,25,0,0,1054,0
41565,29.00,34.320,0,421,1353,290,0,6,1877422,0,591307,1076,814,25,0,0,1083,0
41699,29.00,35.668,0,471,1377,290,0,0,1877422,0,595482,1083,820,25,0,0,1083,0
41831,29.00,33.074,0,491,1382,291,0,0,1883295,0,595482,1083,820,25,0,0,1083,0
41932,29.00,33.088,0,505,1382,291,0,0,1883295,0,595482,1083,820,25,0,0,1083,0
42035,29.00,33.143,0,519,1382,291,0,0,1883295,0,595482,1083,820,25,0,0,1083,0
42170,29.00,35.981,0,551,1375,291,0,0,1883295,0,605916,1102,836,25,0,0,1102,0
42272,29.00,32.901,0,567,1382,291,0,0,1883295,0,605916,1102,836,25,0,0,1102,0
42374,29.00,33.329,0,581,1382,291,0,0,1883295,0,605916,1102,836,25,0,0,1102,0
42478,29.00,33.043,0,595,1382,291,0,0,1883295,0,605916,1102,836,25,0,0,1102,0
42584,29.00,33.605,0,609,1382,291,0,0,1883295,0,605916,1102,836,25,0,0,1102,0
42685,29.00,33.740,0,623,1382,291,0,0,1883295,0,605916,1102,836,25,0,0,1102,0
42788,29.00,34.653,0,637,1382,291,0,0,1883295,0,605916,1102,836,25,0,0,1102,0
42893,29.00,34.675,0,651,1382,291,0,0,1883295,0,605916,1102,836,25,0,0,1102,0
42994,29.00,41.184,0,681,1367,291,0,0,1883295,0,619910,1129,857,25,0,0,1129,0
43096,29.00,33.681,0,701,1382,291,0,0,1883295,0,619910,1129,857,25,0,0,1129,0
43200,29.00,33.908,0,715,1382,291,0,0,1883295,0,619910,1129,857,25,0,0,1129,0
43302,29.00,32.800,0,729,1382,291,0,0,1883295,0,619910,1129,857,25,0,0,1129,0
43404,29.00,33.800,0,743,1382,291,0,0,1883295,0,619910,1129,857,25,0,0,1129,0
43537,29.00,33.292,0,763,1382,291,0,0,1883295,0,619910,1129,857,25,0,0,1129,0
43640,29.00,33.813,0,777,1382,291,0,0,1883295,0,619910,1129,857,25,0,0,1129,0
43753,29.00,32.990,0,801,1346,291,0,7,1883295,0,635151,1157,878,25,0,0,1165,0
43875,29.00,32.709,0,837,1370,291,0,0,1883295,0,639146,1165,883,25,0,0,1165,0
43975,30.00,35.203,0,857,1382,291,0,0,1883295,0,639146,1165,883,25,0,0,1165,0
44106,30.00,34.433,0,875,1382,291,0,0,1883295,0,639146,1165,883,25,0,0,1165,0
44235,30.00,31.358,0,893,1382,291,0,0,1883295,0,639146,1165,883,25,0,0,1165,0
44335,30.00,32.031,0,899,1372,291,0,4,1883295,0,641350,1170,888,25,0,0,1175,0
44457,30.00,33.030,0,903,1382,291,0,0,1883295,0,643555,1175,892,25,0,0,1175,0
44587,30.00,31.397,0,903,1382,291,0,0,1883295,0,643555,1175,892,25,0,0,1175,0
44717,30.00,31.236,0,903,1382,291,0,0,1883295,0,643555,1175,892,25,0,0,1175,0
44820,30.00,42.378,0,919,1365,291,0,0,1883295,0,658033,1204,927,25,0,0,1204,0
44947,31.00,31.492,0,925,1382,291,0,0,1883295,0,658033,1204,927,25,0,0,1204,0
45073,31.00,30.168,0,925,1382,291,0,0,1883295,0,658033,1204,927,25,0,0,1204,0
45199,31.00,30.194,0,927,1382,291,0,0,1883295,0,658033,1204,927,25,0,0,1204,0
45323,31.00,30.697,0,927,1382,291,0,0,1883295,0,658033,1204,927,25,0,0,1204,0
45447,31.00,30.786,0,941,1381,291,0,0,1883295,0,666888,1223,944,25,0,0,1223,0
45569,31.00,30.190,0,943,1382,291,0,0,1883295,0,666888,1223,944,25,0,0,1223,0
45690,31.00,30.137,0,943,1382,291,0,0,1883295,0,666888,1223,944,25,0,0,1223,0
45813,31.00,31.709,0,943,1382,291,0,0,1883295,0,666888,1223,944,25,0,0,1223,0
45935,32.00,30.100,0,943,1382,291,0,0,1883295,0,666888,1223,944,25,0,0,1223,0
46056,32.00,29.798,0,943,1382,291,0,0,1883295,0,666888,1223,944,25,0,0,1223,0
46163,32.00,30.047,0,949,1355,291,0,6,1883295,0,676557,1243,969,25,0,0,1250,0
46274,32.00,30.532,0,963,1379,291,0,0,1883295,0,679623,1250,975,25,0,0,1250,0
46393,32.00,29.900,0,963,1382,291,0,0,1883295,0,679623,1250,975,25,0,0,1250,0
46515,32.00,30.009,0,963,1382,291,0,0,1883295,0,679623,1250,975,25,0,0,1250,0
46635,32.00,30.606,0,963,1382,291,0,0,1883295,0,679623,1250,975,25,0,0,1250,0
46755,32.00,30.046,0,963,1382,291,0,0,1883295,0,679623,1250,975,25,0,0,1250,0
46876,32.00,29.855,0,963,1382,291,0,0,1883295,0,679623,1250,975,25,0,0,1250,0
47016,33.00,29.728,0,971,1346,291,0,10,1883295,0,692372,1275,1003,25,0,0,1286,0
47128,33.00,30.600,0,987,1370,291,0,0,1883295,0,698048,1286,1012,25,0,0,1286,0
47247,33.00,30.045,0,989,1382,291,0,0,1883295,0,698048,1286,1012,25,0,0,1286,0
47367,33.00,29.961,0,989,1382,291,0,0,1883295,0,698048,1286,1012,25,0,0,1286,0
47488,33.00,29.950,0,989,1382,291,0,0,1883295,0,698048,1286,1012,25,0,0,1286,0
47606,33.00,29.786,0,999,1382,291,0,0,1883295,0,703982,1296,1023,25,0,0,1296,0
47726,33.00,29.375,0,999,1382,291,0,0,1883295,0,703982,1296,1023,25,0,0,1296,0
47847,33.00,29.895,0,999,1382,291,0,0,1883295,0,703982,1296,1023,25,0,0,1296,0
47966,33.00,30.185,0,999,1382,291,0,0,1883295,0,703982,1296,1023,25,0,0,1296,0
48090,33.00,29.271,0,1017,1371,291,0,0,1883295,0,719804,1325,1048,25,0,0,1325,0
48213,33.00,29.261,0,1021,1382,291,0,0,1883295,0,719804,1325,1048,25,0,0,1325,0
48333,33.00,29.638,0,1021,1382,291,0,0,1883295,0,719804,1325,1048,25,0,0,1325,0
48452,33.00,29.324,0,1021,1382,291,0,0,1883295,0,719804,1325,1048,25,0,0,1325,0
48584,33.00,29.873,0,1027,1362,291,0,6,1883295,0,727158,1338,1063,25,0,0,1345,0
48691,33.00,29.153,0,1035,1381,291,0,0,1883295,0,730583,1345,1070,25,0,0,1345,0
48812,33.00,30.104,0,1035,1381,291,0,0,1883295,0,730583,1345,1070,25,0,0,1345,0
48933,33.00,29.721,0,1035,1381,291,0,0,1883295,0,730583,1345,1070,25,0,0,1345,0
49053,33.00,29.773,0,1035,1381,291,0,0,1883295,0,730583,1345,1070,25,0,0,1345,0
49174,33.00,29.916,0,1035,1381,291,0,0,1883295,0,730583,1345,1070,25,0,0,1345,0
49294,33.00,29.961,0,1037,1381,291,0,0,1883295,0,730583,1345,1070,25,0,0,1345,0
49399,33.00,29.597,0,1045,1354,291,0,7,1883295,0,740942,1364,1092,25,0,0,1372,0
49510,33.00,29.801,0,1059,1378,291,0,0,1883295,0,745379,1372,1099,25,0,0,1372,0
49629,33.00,29.978,0,1059,1382,291,0,0,1883295,0,745379,1372,1099,25,0,0,1372,0
49754,33.00,30.387,0,1059,1382,291,0,0,1883295,0,745379,1372,1099,25,0,0,1372,0
49870,33.00,30.187,0,1059,1382,291,0,0,1883295,0,745379,1372,1099,25,0,0,1372,0
49991,33.00,29.887,0,1059,1382,291,0,0,1883295,0,745379,1372,1099,25,0,0,1372,0
50111,33.00,29.933,0,1059,1382,291,0,0,1883295,0,745379,1372,1099,25,0,0,1372,0
50219,33.00,30.451,0,1069,1346,291,0,10,1883295,0,759832,1397,1121,25,0,0,1408,0
50332,33.00,30.847,0,1085,1370,291,0,0,1883295,0,765553,1408,1129,25,0,0,1408,0
50452,33.00,30.120,0,1087,1382,291,0,0,1883295,0,765553,1408,1129,25,0,0,1408,0
50574,33.00,30.460,0,1087,1382,291,0,0,1883295,0,765553,1408,1129,25,0,0,1408,0
50696,33.00,30.366,0,1087,1382,291,0,0,1883295,0,765553,1408,1129,25,0,0,1408,0
50816,33.00,29.415,0,1095,1382,291,0,0,1883295,0,770953,1418,1142,25,0,0,1418,0
50940,33.00,30.705,0,1095,1382,291,0,0,1883295,0,770953,1418,1142,25,0,0,1418,0
51062,33.00,30.306,0,1095,1382,291,0,0,1883295,0,770953,1418,1142,25,0,0,1418,0
51186,33.00,31.493,0,1095,1382,291,0,0,1883295,0,770953,1418,1142,25,0,0,1418,0
51291,33.00,41.677,5,378,1365,291,0,0,1883295,0,786619,1447,1176,25,0,0,1447,0
51416,33.00,31.629,0,386,1382,291,0,0,1883295,0,786619,1447,1176,25,0,0,1447,0
51544,33.00,31.845,0,386,1382,291,0,0,1883295,0,786619,1447,1176,25,0,0,1447,0
51668,33.00,31.496,0,386,1382,291,0,0,1883295,0,786619,1447,1176,25,0,0,1447,0
51773,33.00,30.117,0,392,1363,291,0,3,1883295,0,794792,1462,1192,25,0,0,1466,0
51890,33.00,32.833,0,402,1382,291,0,0,1883295,0,797361,1466,1196,25,0,0,1466,0
52016,31.00,32.360,0,402,1382,291,0,0,1883295,0,797361,1466,1196,25,0,0,1466,0
52145,31.00,32.339,0,402,1382,291,0,0,1883295,0,797361,1466,1196,25,0,0,1466,0
52274,31.00,31.865,0,402,1382,291,0,0,1883295,0,797361,1466,1196,25,0,0,1466,0
52405,31.00,31.931,0,402,1382,291,0,0,1883295,0,797361,1466,1196,25,0,0,1466,0
52535,31.00,33.514,0,402,1382,291,0,0,1883295,0,797361,1466,1196,25,0,0,1466,0
52640,31.00,44.823,0,416,1367,291,0,0,1883295,0,812193,1493,1225,25,0,0,1493,0
52775,31.00,34.613,0,422,1382,291,0,0,1883295,0,812193,1493,1225,25,0,0,1493,0
52908,31.00,34.014,0,422,1382,291,0,0,1883295,0,812193,1493,1225,25,0,0,1493,0
53008,31.00,32.957,0,422,1382,291,0,0,1883295,0,812193,1493,1225,25,0,0,1493,0
53108,31.00,32.647,0,422,1382,291,0,0,1883295,0,812193,1493,1225,25,0,0,1493,0
53209,31.00,34.237,0,422,1382,291,0,0,1883295,0,812193,1493,1225,25,0,0,1493,0
53311,31.00,34.991,0,422,1382,291,0,0,1883295,0,812193,1493,1225,25,0,0,1493,0
53434,31.00,33.693,0,432,1346,291,0,7,1883295,0,829006,1521,1259,25,0,0,1529,0
53558,31.00,34.863,0,446,1370,291,0,0,1883295,0,834412,1529,1265,25,0,0,1529,0
53659,31.00,32.040,0,450,1382,291,0,0,1883295,0,834412,1529,1265,25,0,0,1529,0
53763,31.00,34.430,0,450,1382,291,0,0,1883295,0,834412,1529,1265,25,0,0,1529,0
53864,31.00,35.350,0,450,1382,291,0,0,1883295,0,834412,1529,1265,25,0,0,1529,0
53968,29.00,37.378,0,460,1382,291,0,0,1883295,0,840968,1539,1278,25,0,0,1539,0
54071,29.00,33.537,0,460,1382,291,0,0,1883295,0,840968,1539,1278,25,0,0,1539,0
54174,29.00,33.753,0,460,1382,291,0,0,1883295,0,840968,1539,1278,25,0,0,1539,0
54278,29.00,33.902,0,460,1382,291,0,0,1883295,0,840968,1539,1278,25,0,0,1539,0
54380,29.00,34.336,0,460,1382,291,0,0,1883295,0,840968,1539,1278,25,0,0,1539,0
54491,29.00,45.768,0,476,1365,291,0,0,1883295,0,859359,1568,1314,25,0,0,1568,0
54594,29.00,35.281,0,480,1382,291,0,0,1883295,0,859359,1568,1314,25,0,0,1568,0
54698,29.00,33.708,0,480,1382,291,0,0,1883295,0,859359,1568,1314,25,0,0,1568,0
54800,29.00,34.664,0,482,1382,291,0,0,1883295,0,859359,1568,1314,25,0,0,1568,0
54903,29.00,35.433,0,482,1382,291,0,0,1883295,0,859359,1568,1314,25,0,0,1568,0
55005,29.00,39.132,0,496,1375,291,0,0,1883295,0,869770,1587,1339,25,0,0,1587,0
55107,29.00,33.176,0,496,1382,291,0,0,1883295,0,869770,1587,1339,25,0,0,1587,0
55208,29.00,32.758,0,496,1382,291,0,0,1883295,0,869770,1587,1339,25,0,0,1587,0
55311,29.00,31.229,0,496,1382,291,0,0,1883295,0,869770,1587,1339,25,0,0,1587,0
55446,29.00,35.578,0,496,1382,291,0,0,1883295,0,869770,1587,1339,25,0,0,1587,0
55548,29.00,35.564,0,496,1382,291,0,0,1883295,0,869770,1587,1339,25,0,0,1587,0
55656,29.00,35.063,0,496,1382,291,0,0,1883295,0,869770,1587,1339,25,0,0,1587,0
55769,29.00,34.148,0,504,1355,291,0,8,1883295,0,879567,1605,1361,25,0,0,1614,0
55896,29.00,36.117,0,518,1379,291,0,0,1883295,0,883764,1614,1369,25,0,0,1614,0
55997,29.00,34.535,0,518,1382,291,0,0,1883295,0,883764,1614,1369,25,0,0,1614,0
56104,29.00,32.919,0,518,1382,291,0,0,1883295,0,883764,1614,1369,25,0,0,1614,0
56235,29.00,33.111,0,518,1382,291,0,0,1883295,0,883764,1614,1369,25,0,0,1614,0
56335,29.00,30.737,0,518,1382,291,0,0,1883295,0,883764,1614,1369,25,0,0,1614,0
56437,29.00,34.591,0,520,1382,291,0,0,1883295,0,883764,1614,1369,25,0,0,1614,0
56590,29.00,33.055,0,526,1346,291,0,13,1883295,0,895490,1636,1395,25,0,0,1650,0
56711,29.00,34.623,0,542,1370,291,0,0,1883295,0,903000,1650,1406,25,0,0,1650,0
56841,29.00,34.060,0,546,1382,291,0,0,1883295,0,903000,1650,1406,25,0,0,1650,0
56968,30.00,30.869,0,546,1382,291,0,0,1883295,0,903000,1650,1406,25,0,0,1650,0
57106,30.00,34.035,0,552,1372,291,0,0,1883295,0,907409,1660,1417,25,0,0,1660,0
57227,30.00,31.190,0,554,1382,291,0,0,1883295,0,907409,1660,1417,25,0,0,1660,0
57359,30.00,33.160,0,554,1382,291,0,0,1883295,0,907409,1660,1417,25,0,0,1660,0
57487,30.00,30.847,0,554,1382,291,0,0,1883295,0,907409,1660,1417,25,0,0,1660,0
57597,30.00,31.741,0,560,1353,291,0,10,1883295,0,915393,1678,1438,25,0,0,1689,0
57713,30.00,31.588,0,578,1377,291,0,0,1883295,0,921887,1689,1448,25,0,0,1689,0
57836,30.00,30.247,0,578,1382,291,0,0,1883295,0,921887,1689,1448,25,0,0,1689,0
57964,31.00,30.932,0,578,1382,291,0,0,1883295,0,921887,1689,1448,25,0,0,1689,0
58088,31.00,31.787,0,578,1382,291,0,0,1883295,0,921887,1689,1448,25,0,0,1689,0
58188,31.00,39.607,0,590,1375,291,0,0,1883295,0,930742,1708,1469,25,0,0,1708,0
58311,31.00,30.799,0,590,1382,291,0,0,1883295,0,930742,1708,1469,25,0,0,1708,0
58435,31.00,31.551,0,590,1382,291,0,0,1883295,0,930742,1708,1469,25,0,0,1708,0
58558,31.00,30.612,0,592,1382,291,0,0,1883295,0,930742,1708,1469,25,0,0,1708,0
58679,31.00,30.033,0,592,1382,291,0,0,1883295,0,930742,1708,1469,25,0,0,1708,0
58803,31.00,30.429,0,592,1382,291,0,0,1883295,0,930742,1708,1469,25,0,0,1708,0
58940,32.00,29.837,0,598,1355,291,0,7,1883295,0,940003,1727,1491,25,0,0,1735,0
59058,32.00,31.031,0,614,1379,291,0,0,1883295,0,943477,1735,1498,25,0,0,1735,0
59175,32.00,30.042,0,614,1382,291,0,0,1883295,0,943477,1735,1498,25,0,0,1735,0
59297,32.00,30.081,0,614,1382,291,0,0,1883295,0,943477,1735,1498,25,0,0,1735,0
59417,32.00,29.838,0,614,1382,291,0,0,1883295,0,943477,1735,1498,25,0,0,1735,0
59541,32.00,30.318,0,614,1382,291,0,0,1883295,0,943477,1735,1498,25,0,0,1735,0
59660,32.00,29.835,0,614,1382,291,0,0,1883295,0,943477,1735,1498,25,0,0,1735,0
59767,32.00,30.279,0,624,1346,291,0,13,1883295,0,954773,1757,1520,25,0,0,1771,0
59882,32.00,32.577,0,638,1370,291,0,0,1883295,0,961902,1771,1531,25,0,0,1771,0
60511,33.00,30.016,0,888,1382,291,0,849,1883295,0,1542745,2303,2095,859,0,0,3153,0
