timestamp_ms,frame_wall_ms,cpu_update_ms,cpu_render_ms,swap_ms,gpu_ms,gc_pause_ms,chunks_loaded,chunks_visible,draw_calls,triangles,x,y,z
132,127.406,66.131,27.328,2.228,0.000,6.000,10,2,2,1836,0.0,200.0,-5.0
197,64.251,12.442,4.349,2.095,0.000,0.000,20,2,2,1836,0.0,200.0,-10.0
238,41.459,17.903,1.305,16.966,0.000,8.000,30,2,2,1836,0.0,200.0,-13.2
291,52.991,18.772,1.072,1.949,0.000,11.000,40,2,2,1836,0.0,200.0,-15.5
314,22.736,4.705,1.126,11.810,0.000,0.000,50,2,2,1836,0.0,200.0,-18.0
348,33.857,6.429,1.107,0.951,0.000,9.000,60,2,2,1836,0.0,200.0,-19.1
390,42.046,5.784,4.980,0.689,0.000,0.000,70,2,2,1836,0.0,200.0,-20.8
423,32.208,12.894,2.174,0.809,0.000,9.000,80,2,2,1836,0.0,200.0,-22.9
456,33.227,6.086,2.390,0.751,0.000,0.000,90,2,2,1836,0.0,200.0,-24.5
523,66.543,40.703,1.283,21.663,0.000,14.000,100,5,5,4508,0.0,200.0,-27.8
563,39.958,14.989,1.211,0.608,0.000,0.000,110,5,5,4508,0.0,200.0,-30.0
595,32.521,4.316,1.125,0.749,0.000,19.000,120,7,7,6092,0.0,200.0,-31.5
647,51.674,6.144,1.244,0.738,0.000,0.000,127,7,7,6092,0.0,200.0,-33.2
687,39.685,12.276,2.566,0.711,0.000,0.000,137,8,8,6778,0.0,200.0,-35.8
754,67.430,16.704,1.078,26.842,0.000,27.000,147,8,8,6778,0.0,200.0,-38.3
789,35.100,4.936,3.322,22.690,0.000,0.000,157,13,13,11000,0.0,200.0,-41.1
857,67.158,8.038,1.165,0.663,0.000,33.000,167,13,13,11000,0.0,200.0,-43.0
887,29.980,5.268,1.253,20.278,0.000,0.000,177,13,13,11000,0.0,200.0,-46.2
936,49.545,10.787,3.540,0.567,0.000,0.000,187,15,15,12930,0.0,200.0,-47.9
968,31.269,5.910,1.838,0.515,0.000,0.000,197,19,19,15812,0.0,200.0,-50.2
1037,69.013,9.795,39.073,0.557,0.000,36.000,207,19,19,15812,0.0,200.0,-52.0
1082,45.114,9.422,1.543,31.454,0.000,0.000,217,19,19,15812,0.0,200.0,-55.3
1123,40.943,13.527,1.426,0.529,0.000,0.000,227,23,23,18422,0.0,200.0,-57.8
1152,29.392,4.325,3.487,0.523,0.000,0.000,237,24,24,19076,0.0,200.0,-59.6
1233,80.531,57.539,1.819,0.559,0.000,52.000,247,29,29,22528,0.0,200.0,-61.0
1267,33.494,6.956,1.569,22.783,0.000,0.000,257,33,33,25104,0.0,200.0,-65.1
1325,58.274,10.247,1.861,0.493,0.000,0.000,267,36,36,27218,0.0,200.0,-66.9
1405,79.921,4.591,1.481,71.299,0.000,59.000,277,37,37,28316,0.0,200.0,-69.7
1442,37.396,3.786,1.589,0.386,0.000,0.000,287,37,37,28316,0.0,200.0,-73.6
1471,28.797,4.330,1.844,21.157,0.000,0.000,297,40,40,30846,0.0,200.0,-75.5
1509,38.104,4.292,1.601,31.303,0.000,0.000,307,40,40,30970,0.0,200.0,-77.0
1593,83.127,13.561,1.840,0.805,0.000,57.000,317,47,47,36156,0.0,200.0,-79.3
1630,37.310,4.246,3.910,0.473,0.000,0.000,327,47,47,36156,0.0,200.0,-83.1
1672,41.650,11.163,5.164,0.352,0.000,0.000,337,50,50,66618,0.0,200.0,-85.2
1704,31.894,3.791,3.724,0.432,0.000,0.000,347,52,52,94464,0.0,200.0,-87.0
1747,43.770,4.017,2.949,0.397,0.000,0.000,357,54,54,123962,0.0,200.0,-88.6
1844,96.315,14.141,2.286,0.761,0.000,67.000,367,56,56,155854,0.0,200.0,-91.2
1891,46.867,5.624,2.157,0.366,0.000,0.000,377,55,55,155052,0.0,200.0,-95.6
1924,33.440,4.758,1.968,0.486,0.000,0.000,387,58,58,174578,0.0,200.0,-98.0
1970,45.703,4.085,2.046,37.314,0.000,0.000,397,59,59,175742,0.0,200.0,-99.6
2019,48.981,19.110,1.992,0.524,0.000,0.000,407,68,68,194866,0.0,200.0,-102.4
2373,109.352,7.932,2.434,0.947,0.000,159.000,417,69,69,195464,0.0,200.0,-107.4
2435,62.115,11.812,3.174,0.541,0.000,1.000,427,79,79,225564,0.0,200.0,-112.4
2496,61.227,6.949,6.394,0.714,0.000,0.000,437,80,80,239916,0.0,200.0,-115.4
2551,54.131,18.673,2.377,0.507,0.000,0.000,447,86,86,347582,0.0,200.0,-118.9
2622,71.548,4.170,2.203,2.022,0.000,56.000,457,89,89,396004,0.0,200.0,-121.2
2671,49.107,7.979,3.084,0.643,0.000,0.000,467,91,91,397608,0.0,200.0,-124.9
2711,39.163,4.441,2.264,30.436,0.000,0.000,477,89,89,395532,0.0,200.0,-127.2
2864,152.791,4.167,2.368,144.535,0.000,79.000,487,93,93,397956,0.0,200.0,-129.2
2909,45.804,4.330,2.568,0.424,0.000,0.000,497,102,102,425752,0.0,200.0,-134.2
2989,79.119,6.839,7.659,0.814,0.000,0.000,507,101,101,424642,0.0,200.0,-136.5
3034,45.389,7.385,2.829,0.287,0.000,0.000,517,101,101,424642,0.0,200.0,-140.5
3112,78.364,4.034,6.593,0.389,0.000,0.000,527,100,100,423566,0.0,200.0,-142.7
3159,46.989,4.545,4.902,0.492,0.000,0.000,537,111,111,442978,0.0,200.0,-146.6
3348,188.146,5.021,7.958,1.201,0.000,111.000,547,111,111,442978,0.0,200.0,-149.0
3429,81.308,10.401,3.726,0.620,0.000,0.000,557,115,115,479138,0.0,200.0,-154.0
3476,46.548,5.599,2.872,0.336,0.000,0.000,567,121,121,508324,0.0,200.0,-158.1
3549,73.129,4.032,3.025,0.593,0.000,0.000,577,125,125,523018,0.0,200.0,-160.4
3619,69.799,15.762,11.784,0.584,0.000,0.000,587,130,130,561578,0.0,200.0,-164.5
3795,175.768,6.871,2.845,1.352,0.000,158.000,597,130,130,589678,0.0,200.0,-167.5
3845,50.133,8.453,2.666,37.479,0.000,0.000,607,129,129,587056,0.0,200.0,-172.5
3935,89.763,7.961,5.834,0.431,0.000,0.000,617,126,126,584324,0.0,200.0,-174.8
4109,174.617,4.963,15.246,0.834,0.000,91.000,627,139,139,617096,0.0,200.0,-179.3
4202,93.005,23.651,10.001,0.381,0.000,3.000,632,144,144,677882,0.0,200.0,-184.3
4258,55.126,15.557,3.252,0.363,0.000,0.000,642,151,151,707544,0.0,200.0,-189.2
4353,95.278,6.722,8.734,0.523,0.000,0.000,652,152,152,718384,0.0,200.0,-191.5
4436,82.712,6.012,4.948,0.463,0.000,0.000,658,158,158,770530,0.0,200.0,-196.2
4516,79.844,14.005,3.732,0.316,0.000,0.000,655,164,164,774874,0.0,200.0,-200.4
4601,85.086,7.592,3.270,0.431,0.000,0.000,663,166,166,810668,0.0,200.0,-204.3
4647,45.976,4.327,3.877,0.309,0.000,0.000,669,171,171,820544,0.0,200.0,-208.6
4719,72.162,11.150,4.522,0.353,0.000,0.000,662,175,175,841588,0.0,200.0,-210.9
4800,81.225,4.066,4.249,0.388,0.000,0.000,670,181,181,849334,0.0,200.0,-214.5
4881,81.110,4.405,3.887,0.328,0.000,0.000,676,185,185,852840,0.0,200.0,-218.6
4935,53.619,4.769,4.922,0.374,0.000,0.000,682,186,186,853860,0.0,200.0,-222.6
5011,75.510,6.539,5.746,0.368,0.000,0.000,688,188,188,855492,0.0,200.0,-225.3
5088,77.584,14.580,3.875,0.336,0.000,0.000,679,189,189,856050,0.0,200.0,-229.1
5140,51.702,3.546,3.757,0.444,0.000,0.000,687,192,192,843016,0.0,200.0,-233.0
5191,50.754,6.402,3.761,0.376,0.000,0.000,693,193,193,856636,0.0,200.0,-235.7
5273,81.704,3.721,4.224,0.389,0.000,0.000,699,191,191,841002,0.0,200.0,-238.1
5326,53.453,4.078,5.136,0.458,0.000,0.000,705,200,200,846534,0.0,200.0,-242.2
5424,97.471,33.290,8.234,0.345,0.000,0.000,690,199,199,833476,0.0,200.0,-245.7
5468,44.717,3.030,3.379,0.343,0.000,0.000,697,202,202,835982,0.0,200.0,-249.7
5548,79.321,6.007,6.833,0.345,0.000,0.000,703,202,202,835982,0.0,200.0,-252.0
5593,45.467,3.603,4.931,0.293,0.000,0.000,709,199,199,820240,0.0,200.0,-256.0
5665,72.079,2.950,6.268,0.334,0.000,0.000,715,208,208,825578,0.0,200.0,-258.2
5752,86.503,17.483,5.159,0.412,0.000,0.000,702,208,208,811842,0.0,200.0,-261.8
5799,47.697,3.199,3.823,0.378,0.000,0.000,709,205,205,792176,0.0,200.0,-266.2
5860,60.591,6.827,6.123,0.362,0.000,0.000,715,205,205,792176,0.0,200.0,-268.7
5931,70.342,4.202,5.284,0.577,0.000,37.000,721,202,202,775300,0.0,200.0,-271.6
5986,55.624,11.830,3.449,0.379,0.000,0.000,727,206,206,778836,0.0,200.0,-275.5
6063,77.206,12.744,4.938,0.335,0.000,0.000,720,208,208,753122,0.0,200.0,-277.9
6115,51.866,3.514,3.915,0.429,0.000,0.000,727,206,206,751858,0.0,200.0,-281.7
6181,66.045,23.513,4.080,0.356,0.000,0.000,733,206,206,751858,0.0,200.0,-285.3
6254,72.771,4.106,5.270,0.361,0.000,0.000,739,203,203,723210,0.0,200.0,-287.6
6335,80.688,4.836,7.098,0.393,0.000,0.000,745,211,211,729574,0.0,200.0,-291.3
6413,78.028,21.904,4.837,0.389,0.000,0.000,733,209,209,697612,0.0,200.0,-295.3
6494,81.426,4.553,5.128,0.394,0.000,0.000,740,207,207,696254,0.0,200.0,-299.2
6575,80.750,4.740,4.957,0.406,0.000,0.000,746,205,205,680160,0.0,200.0,-303.3
6652,76.925,4.970,6.158,0.372,0.000,0.000,752,204,204,669244,0.0,200.0,-307.3
6728,75.819,20.921,5.557,0.338,0.000,0.000,742,210,210,647430,0.0,200.0,-311.2
6808,80.424,4.048,5.236,0.368,0.000,0.000,749,208,208,646066,0.0,200.0,-315.0
6889,80.719,4.381,6.177,0.382,0.000,0.000,755,207,207,630818,0.0,200.0,-319.0
6970,80.790,3.807,4.490,0.466,0.000,0.000,761,205,205,616140,0.0,200.0,-323.0
7046,75.630,29.036,4.150,0.313,0.000,0.000,746,212,212,610454,0.0,200.0,-327.1
7089,43.524,1.757,4.616,0.400,0.000,0.000,753,209,209,595310,0.0,200.0,-330.9
7147,58.071,1.387,5.516,0.584,0.000,0.000,759,208,208,582292,0.0,200.0,-333.0
7201,53.589,9.353,6.640,0.262,0.000,0.000,765,206,206,567288,0.0,200.0,-336.4
7284,82.529,21.743,4.614,0.330,0.000,0.000,749,214,214,573314,0.0,200.0,-338.6
7325,41.096,0.805,4.129,0.371,0.000,0.000,756,213,213,560098,0.0,200.0,-342.8
7400,75.139,1.508,5.326,0.479,0.000,0.000,762,210,210,529414,0.0,200.0,-344.8
7442,41.949,0.750,5.189,0.408,0.000,0.000,768,210,210,529414,0.0,200.0,-348.6
7519,77.022,1.407,7.390,0.484,0.000,0.000,774,215,215,510352,0.0,200.0,-350.7
7562,43.311,1.155,6.341,0.461,0.000,0.000,780,215,215,510352,0.0,200.0,-354.5
7642,79.949,38.687,4.602,0.398,0.000,0.000,764,213,213,498450,0.0,200.0,-356.7
7684,41.961,0.919,6.016,0.309,0.000,0.000,770,210,210,471174,0.0,200.0,-360.7
7760,75.307,1.188,6.612,0.476,0.000,0.000,776,218,218,477022,0.0,200.0,-362.8
7801,41.255,0.784,6.842,0.449,0.000,0.000,782,217,217,462670,0.0,200.0,-366.5
7875,74.018,1.411,9.157,0.393,0.000,0.000,788,215,215,447978,0.0,200.0,-368.6
7959,83.586,28.915,6.033,0.328,0.000,0.000,772,215,215,447978,0.0,200.0,-372.3
7998,39.515,1.620,4.044,0.427,0.000,0.000,778,217,217,412352,0.0,200.0,-376.5
8072,73.843,1.571,5.593,0.521,0.000,0.000,784,218,218,399710,0.0,200.0,-378.5
8112,39.615,0.970,4.895,0.424,0.000,0.000,790,218,218,399710,0.0,200.0,-382.2
8186,73.939,1.331,6.099,0.516,0.000,0.000,796,221,221,381194,0.0,200.0,-384.2
8261,75.361,37.377,3.623,0.320,0.000,0.000,779,221,221,381194,0.0,200.0,-387.9
8299,37.447,0.850,4.250,0.388,0.000,0.000,785,223,223,343034,0.0,200.0,-391.6
8370,71.516,0.961,5.362,0.466,0.000,0.000,791,222,222,330878,0.0,200.0,-393.5
8410,40.021,2.179,5.513,0.435,0.000,0.000,797,223,223,331602,0.0,200.0,-397.1
8486,75.544,1.090,8.644,0.463,0.000,0.000,803,220,220,318006,0.0,200.0,-399.1
8525,39.138,1.310,8.290,0.418,0.000,0.000,809,233,233,326326,0.0,200.0,-402.9
8604,78.769,42.958,3.616,0.322,0.000,0.000,792,231,231,312202,0.0,200.0,-404.8
8641,36.795,1.228,4.706,0.394,0.000,0.000,798,234,234,292578,0.0,200.0,-408.8
8707,66.104,0.748,5.079,0.404,0.000,0.000,804,234,234,292578,0.0,200.0,-410.6
8749,41.839,5.455,5.511,0.449,0.000,0.000,810,234,234,292640,0.0,200.0,-414.1
8802,53.193,1.567,7.246,0.539,0.000,0.000,816,232,232,291276,0.0,200.0,-416.0
8892,89.871,40.932,5.209,0.317,0.000,0.000,798,239,239,295340,0.0,200.0,-418.9
8926,34.249,1.170,4.291,0.375,0.000,0.000,804,243,243,285944,0.0,200.0,-423.2
8975,49.096,0.714,4.778,0.552,0.000,0.000,810,240,240,283882,0.0,200.0,-424.9
9017,42.098,7.163,4.318,0.337,0.000,0.000,816,241,241,284654,0.0,200.0,-427.6
9052,34.533,0.861,4.597,0.376,0.000,0.000,822,239,239,283324,0.0,200.0,-429.4
9098,45.677,1.100,5.438,0.588,0.000,0.000,828,247,247,285928,0.0,200.0,-431.2
9138,40.800,5.980,4.052,0.380,0.000,0.000,834,248,248,286628,0.0,200.0,-433.7
9208,69.286,36.106,3.573,0.274,0.000,0.000,816,247,247,285786,0.0,200.0,-435.5
9240,32.130,0.663,3.813,0.307,0.000,0.000,822,245,245,284310,0.0,200.0,-439.0
9285,44.561,0.810,4.392,0.501,0.000,0.000,828,243,243,282882,0.0,200.0,-440.6
9329,44.097,11.170,3.888,0.315,0.000,0.000,834,244,244,283700,0.0,200.0,-443.3
9361,32.655,0.799,4.232,0.332,0.000,0.000,840,242,242,282250,0.0,200.0,-445.0
9409,47.626,1.041,5.298,0.513,0.000,0.000,846,248,248,285206,0.0,200.0,-446.6
9450,41.474,7.897,4.332,0.440,0.000,0.000,852,249,249,285890,0.0,200.0,-449.4
9523,72.326,38.892,4.332,0.334,0.000,0.000,834,248,248,285124,0.0,200.0,-451.1
9555,32.263,1.544,4.514,0.344,0.000,0.000,840,247,247,272326,0.0,200.0,-454.7
9597,42.178,0.968,4.378,0.530,0.000,0.000,846,244,244,269972,0.0,200.0,-456.3
9636,38.658,6.825,4.169,0.422,0.000,0.000,852,249,249,273918,0.0,200.0,-458.7
9667,31.300,0.835,3.935,0.353,0.000,0.000,858,251,251,274298,0.0,200.0,-460.4
9711,43.374,0.753,4.352,0.494,0.000,0.000,864,249,249,272912,0.0,200.0,-461.9
9755,43.749,11.969,3.999,0.328,0.000,0.000,870,249,249,272912,0.0,200.0,-464.7
9821,66.024,31.650,3.747,0.305,0.000,0.000,852,251,251,273832,0.0,200.0,-466.3
9851,30.196,0.926,4.069,0.328,0.000,0.000,858,256,256,248262,0.0,200.0,-469.6
9894,42.819,0.768,4.512,0.392,0.000,0.000,864,253,253,246356,0.0,200.0,-471.1
9936,42.494,11.805,3.970,0.313,0.000,0.000,870,253,253,246356,0.0,200.0,-473.8
9967,30.544,0.967,4.946,0.348,0.000,0.000,876,253,253,246356,0.0,200.0,-475.4
10008,40.747,1.123,5.394,0.582,0.000,0.000,882,259,259,247170,0.0,200.0,-476.9
10049,41.448,11.504,3.476,0.383,0.000,0.000,888,258,258,246556,0.0,200.0,-479.5
10080,30.985,0.924,5.048,0.408,0.000,0.000,894,265,265,247502,0.0,200.0,-481.0
10145,64.450,31.821,4.710,0.342,0.000,0.000,876,277,277,256436,0.0,200.0,-482.6
10174,29.856,1.342,4.488,0.333,0.000,0.000,882,275,275,229732,0.0,200.0,-485.8
10233,58.595,0.934,5.589,0.521,0.000,0.000,888,272,272,227596,0.0,200.0,-487.3
10264,30.628,1.166,5.804,0.312,0.000,0.000,894,272,272,227596,0.0,200.0,-490.2
10300,36.633,0.910,4.811,0.336,0.000,0.000,900,275,275,227602,0.0,200.0,-491.8
10338,37.595,7.912,4.109,0.398,0.000,0.000,906,282,282,230420,0.0,200.0,-493.9
10367,28.966,0.760,4.405,0.317,0.000,0.000,912,281,281,229826,0.0,200.0,-495.5
10409,42.393,1.055,5.575,0.386,0.000,0.000,918,287,287,230772,0.0,200.0,-496.9
10492,82.898,44.578,4.781,0.429,0.000,0.000,900,287,287,230772,0.0,200.0,-499.6
10521,28.712,1.325,4.595,0.343,0.000,0.000,906,284,284,202924,0.0,200.0,-503.2
10576,54.871,0.706,4.805,0.293,0.000,0.000,912,281,281,201544,0.0,200.0,-504.6
10605,28.542,0.917,4.779,0.322,0.000,0.000,918,281,281,201544,0.0,200.0,-507.4
10659,54.503,0.958,5.454,0.329,0.000,0.000,924,282,282,199988,0.0,200.0,-508.8
10688,28.711,0.980,5.045,0.340,0.000,0.000,930,287,287,202214,0.0,200.0,-511.5
10747,59.142,0.981,5.852,0.314,0.000,0.000,936,288,288,203332,0.0,200.0,-513.0
10815,68.277,37.181,4.335,0.361,0.000,0.000,917,288,288,203332,0.0,200.0,-515.9
10843,27.305,1.187,4.451,0.289,0.000,0.000,923,284,284,178366,0.0,200.0,-519.3
10900,56.909,0.743,5.268,0.327,0.000,0.000,929,282,282,177742,0.0,200.0,-520.7
10927,27.378,1.083,4.835,0.300,0.000,0.000,935,282,282,177742,0.0,200.0,-523.5
10962,34.550,0.611,4.722,0.488,0.000,0.000,941,281,281,177144,0.0,200.0,-524.9
10997,35.685,7.824,4.256,0.284,0.000,0.000,947,289,289,178866,0.0,200.0,-527.0
11024,27.118,0.696,4.744,0.341,0.000,0.000,953,290,290,179826,0.0,200.0,-528.4
11087,63.038,35.373,4.109,0.281,0.000,0.000,933,290,290,179826,0.0,200.0,-529.8
11114,26.296,0.866,4.289,0.325,0.000,0.000,939,289,289,179282,0.0,200.0,-532.9
11168,53.723,0.870,4.726,0.273,0.000,0.000,945,291,291,177208,0.0,200.0,-534.3
11195,27.895,0.967,6.021,0.267,0.000,0.000,951,293,293,177882,0.0,200.0,-537.0
11248,52.986,0.620,5.488,0.320,0.000,0.000,957,293,293,177882,0.0,200.0,-538.3
11275,26.957,1.024,5.183,0.306,0.000,0.000,963,292,292,177880,0.0,200.0,-541.0
11329,53.653,0.997,5.979,0.406,0.000,0.000,969,292,292,175696,0.0,200.0,-542.3
11355,26.363,0.734,4.748,0.296,0.000,0.000,975,293,293,176682,0.0,200.0,-545.0
11420,64.297,35.128,4.306,0.287,0.000,0.000,955,305,305,176706,0.0,200.0,-546.3
11446,25.837,1.072,4.612,0.297,0.000,0.000,961,303,303,175158,0.0,200.0,-549.6
11498,52.545,0.750,5.241,0.313,0.000,0.000,967,301,301,173762,0.0,200.0,-550.9
11524,25.688,0.857,4.843,0.319,0.000,0.000,973,300,300,173060,0.0,200.0,-553.5
11556,32.247,0.941,5.593,0.498,0.000,0.000,979,303,303,173066,0.0,200.0,-554.8
11592,35.966,9.052,3.994,0.299,0.000,0.000,985,302,302,172294,0.0,200.0,-556.8
11618,25.845,0.750,5.254,0.283,0.000,0.000,991,306,306,170750,0.0,200.0,-558.2
11652,33.645,0.933,6.064,0.376,0.000,0.000,997,319,319,179224,0.0,200.0,-559.5
11687,35.641,8.945,4.307,0.278,0.000,0.000,1003,319,319,179224,0.0,200.0,-561.6
11754,66.383,36.648,4.410,0.363,0.000,0.000,981,326,326,178582,0.0,200.0,-562.9
11779,24.850,0.767,4.585,0.266,0.000,0.000,987,325,325,177806,0.0,200.0,-566.3
11830,51.316,0.686,5.391,0.329,0.000,0.000,993,322,322,175550,0.0,200.0,-567.5
11856,25.412,1.022,5.150,0.299,0.000,0.000,999,322,322,175550,0.0,200.0,-570.1
11890,34.915,0.770,5.637,0.345,0.000,0.000,1005,325,325,175556,0.0,200.0,-571.3
11925,34.258,6.659,4.308,0.332,0.000,0.000,1011,327,327,174044,0.0,200.0,-573.4
11969,44.119,2.533,8.025,0.698,0.000,28.000,1017,326,326,173190,0.0,200.0,-574.8
12011,42.388,2.608,9.200,0.350,0.000,0.000,1023,327,327,173834,0.0,200.0,-577.0
12095,83.496,40.705,5.884,0.301,0.000,0.000,1001,327,327,173834,0.0,200.0,-579.4
12119,24.357,0.818,4.740,0.288,0.000,0.000,1007,324,324,171566,0.0,200.0,-583.3
12150,30.360,0.715,5.065,0.446,0.000,0.000,1013,322,322,169898,0.0,200.0,-584.5
12186,36.360,8.089,4.243,0.359,0.000,0.000,1019,322,322,169898,0.0,200.0,-586.4
12211,24.824,0.983,5.135,0.279,0.000,0.000,1025,325,325,169904,0.0,200.0,-587.9
12259,47.862,0.710,5.797,0.444,0.000,0.000,1031,322,322,168684,0.0,200.0,-589.1
12284,25.172,1.111,5.334,0.336,0.000,0.000,1037,326,326,167866,0.0,200.0,-591.5
12332,48.338,0.772,5.334,0.401,0.000,0.000,1043,327,327,168492,0.0,200.0,-592.8
12398,65.668,34.849,4.339,0.317,0.000,0.000,1020,327,327,168492,0.0,200.0,-595.2
12422,24.264,0.859,4.681,0.283,0.000,0.000,1026,325,325,167126,0.0,200.0,-598.5
12453,30.398,0.966,5.762,0.459,0.000,0.000,1032,329,329,164596,0.0,200.0,-599.7
12488,35.490,7.198,4.309,0.334,0.000,0.000,1038,329,329,164596,0.0,200.0,-601.5
12513,24.315,0.754,5.230,0.314,0.000,0.000,1044,330,330,164598,0.0,200.0,-603.0
12548,35.628,2.030,7.768,0.556,0.000,0.000,1050,329,329,163832,0.0,200.0,-604.2
12584,36.141,10.586,4.682,0.282,0.000,0.000,1056,327,327,162318,0.0,200.0,-606.4
12608,23.909,0.683,4.834,0.268,0.000,0.000,1062,329,329,162920,0.0,200.0,-607.8
12659,51.008,0.741,5.750,0.342,0.000,0.000,1068,341,341,162944,0.0,200.0,-609.0
12725,65.522,36.717,4.273,0.331,0.000,0.000,1045,341,341,162944,0.0,200.0,-611.5
12749,24.029,0.810,5.036,0.371,0.000,0.000,1051,344,344,160640,0.0,200.0,-614.8
12779,30.402,0.756,5.363,0.473,0.000,0.000,1057,343,343,158534,0.0,200.0,-616.0
12814,34.306,5.516,4.282,0.278,0.000,0.000,1063,343,343,158534,0.0,200.0,-617.8
12838,24.126,0.890,5.431,0.298,0.000,0.000,1069,343,343,158534,0.0,200.0,-619.3
12889,50.687,0.758,5.996,0.360,0.000,0.000,1075,340,340,156996,0.0,200.0,-620.5
12913,24.465,0.923,5.541,0.372,0.000,0.000,1081,351,351,157064,0.0,200.0,-623.0
12944,30.608,0.641,5.896,0.445,0.000,0.000,1087,353,353,157684,0.0,200.0,-624.2
13027,83.095,49.200,4.797,0.333,0.000,0.000,1064,362,362,157702,0.0,200.0,-626.2
13050,23.136,0.781,4.835,0.287,0.000,0.000,1070,360,360,155720,0.0,200.0,-629.9
13093,42.558,0.835,5.898,0.329,0.000,0.000,1076,359,359,153040,0.0,200.0,-631.1
13124,31.395,5.911,7.847,0.391,0.000,0.000,1082,358,358,152290,0.0,200.0,-633.4
13175,51.288,1.108,7.335,0.451,0.000,0.000,1088,357,357,151670,0.0,200.0,-634.8
13199,23.627,0.794,5.376,0.281,0.000,0.000,1094,362,362,150734,0.0,200.0,-637.3
13229,30.099,0.607,5.293,0.412,0.000,0.000,1100,360,360,149128,0.0,200.0,-638.5
13271,41.362,17.995,5.768,0.366,0.000,0.000,1106,362,362,149690,0.0,200.0,-640.9
13334,63.214,39.748,4.546,0.268,0.000,0.000,1082,362,362,149690,0.0,200.0,-642.1
13357,23.032,0.777,4.935,0.301,0.000,0.000,1088,360,360,148824,0.0,200.0,-645.3
13409,52.275,0.834,6.193,0.348,0.000,0.000,1094,358,358,146284,0.0,200.0,-646.4
13433,23.861,0.849,5.636,0.295,0.000,0.000,1100,358,358,145612,0.0,200.0,-649.0
13484,50.750,0.784,6.551,0.380,0.000,0.000,1106,359,359,145614,0.0,200.0,-650.2
13507,23.252,0.690,5.282,0.303,0.000,0.000,1112,358,358,144908,0.0,200.0,-652.8
13556,48.912,0.840,6.764,0.295,0.000,0.000,1118,361,361,142502,0.0,200.0,-653.9
13580,23.587,0.830,5.568,0.278,0.000,0.000,1124,361,361,142502,0.0,200.0,-656.4
13646,66.187,43.364,5.516,0.329,0.000,0.000,1100,362,362,142504,0.0,200.0,-657.6
13676,29.853,0.846,5.391,0.439,0.000,0.000,1106,361,361,141744,0.0,200.0,-660.9
13711,35.587,10.376,6.596,0.332,0.000,0.000,1112,359,359,138736,0.0,200.0,-662.8
13735,24.043,1.270,5.665,0.392,0.000,0.000,1118,363,363,138130,0.0,200.0,-664.1
13780,44.421,0.747,6.813,0.365,0.000,0.000,1124,364,364,138132,0.0,200.0,-665.3
13809,29.087,6.239,5.792,0.287,0.000,0.000,1130,365,365,138134,0.0,200.0,-667.8
13839,30.307,0.782,6.615,0.441,0.000,0.000,1136,360,360,135560,0.0,200.0,-669.0
13875,35.444,10.122,5.149,0.279,0.000,0.000,1142,363,363,134936,0.0,200.0,-671.0
13898,23.164,0.679,5.449,0.291,0.000,0.000,1148,364,364,134938,0.0,200.0,-672.3
13974,76.016,48.471,5.577,0.391,0.000,0.000,1123,376,376,134962,0.0,200.0,-673.5
14017,42.464,20.002,5.533,0.265,0.000,0.000,1129,375,375,134960,0.0,200.0,-678.2
14040,23.440,0.688,5.339,0.369,0.000,0.000,1135,374,374,131052,0.0,200.0,-679.4
14091,50.804,0.844,8.691,0.340,0.000,0.000,1141,374,374,131052,0.0,200.0,-680.6
14115,23.871,0.920,5.979,0.286,0.000,0.000,1147,374,374,131052,0.0,200.0,-683.1
14165,49.737,0.670,6.974,0.331,0.000,0.000,1153,370,370,129450,0.0,200.0,-684.3
14189,24.433,0.895,6.445,0.302,0.000,0.000,1159,379,379,128656,0.0,200.0,-686.8
14232,43.029,0.752,8.062,0.333,0.000,0.000,1165,381,381,128660,0.0,200.0,-688.0
14310,77.980,54.561,6.364,0.360,0.000,0.000,1140,393,393,128684,0.0,200.0,-690.5
14340,29.597,1.041,5.399,0.361,0.000,0.000,1146,392,392,128020,0.0,200.0,-694.1
14374,34.443,6.246,4.770,0.269,0.000,0.000,1152,390,390,125054,0.0,200.0,-695.8
14398,23.419,0.758,5.879,0.269,0.000,0.000,1158,390,390,125054,0.0,200.0,-697.3
14427,29.729,0.582,6.167,0.455,0.000,0.000,1164,389,389,125052,0.0,200.0,-698.4
14462,34.204,8.105,5.050,0.263,0.000,0.000,1170,392,392,124372,0.0,200.0,-700.3
14485,23.815,0.656,6.256,0.343,0.000,0.000,1176,387,387,121878,0.0,200.0,-701.6
14536,50.729,0.826,6.991,0.245,0.000,0.000,1182,391,391,121886,0.0,200.0,-702.8
14559,23.202,0.677,5.769,0.286,0.000,0.000,1188,392,392,121888,0.0,200.0,-705.4
14637,77.297,47.905,5.799,0.415,0.000,0.000,1162,391,391,121886,0.0,200.0,-706.5
14671,33.991,5.814,4.840,0.267,0.000,0.000,1168,390,390,121228,0.0,200.0,-710.7
14694,23.484,0.727,6.060,0.273,0.000,0.000,1174,390,390,118280,0.0,200.0,-712.1
14737,42.628,0.601,6.700,0.379,0.000,0.000,1180,389,389,118278,0.0,200.0,-713.3
14767,30.223,7.454,6.066,0.308,0.000,0.000,1186,389,389,118278,0.0,200.0,-715.7
14817,49.846,0.689,6.535,0.374,0.000,0.000,1192,384,384,115096,0.0,200.0,-716.9
14843,25.858,1.481,7.508,0.276,0.000,0.000,1198,391,391,114030,0.0,200.0,-719.4
14889,45.930,1.221,7.039,0.365,0.000,0.000,1204,392,392,114032,0.0,200.0,-720.7
14966,77.184,53.729,6.865,0.352,0.000,0.000,1178,392,392,114032,0.0,200.0,-723.3
15016,49.920,0.886,6.367,0.408,0.000,0.000,1184,392,392,112426,0.0,200.0,-726.9
15039,23.137,0.727,5.778,0.275,0.000,0.000,1190,390,390,109728,0.0,200.0,-729.4
15089,50.056,0.920,7.064,0.338,0.000,0.000,1196,390,390,109728,0.0,200.0,-730.5
15113,23.908,0.954,6.311,0.278,0.000,0.000,1202,395,395,108972,0.0,200.0,-733.0
15166,52.683,0.671,8.051,0.366,0.000,0.000,1208,391,391,105338,0.0,200.0,-734.2
15190,24.181,0.940,6.460,0.297,0.000,0.000,1214,392,392,105340,0.0,200.0,-736.9
15295,105.114,53.374,9.122,0.451,0.000,0.000,1187,392,392,105340,0.0,200.0,-738.1
15319,23.888,1.166,6.158,0.276,0.000,0.000,1193,395,395,104650,0.0,200.0,-743.1
15368,49.296,0.652,8.317,0.385,0.000,0.000,1199,395,395,100372,0.0,200.0,-744.3
15392,24.051,1.176,6.173,0.368,0.000,0.000,1205,397,397,100376,0.0,200.0,-746.7
15443,50.946,0.885,7.474,0.410,0.000,0.000,1211,394,394,98992,0.0,200.0,-747.9
15467,23.785,1.103,6.009,0.288,0.000,0.000,1217,392,392,97448,0.0,200.0,-750.5
15628,29.165,3.719,8.864,0.283,0.000,0.000,1223,397,397,96576,0.0,200.0,-755.5
15729,101.252,54.574,8.456,0.434,0.000,0.000,1195,398,398,94974,0.0,200.0,-757.0
15753,23.643,1.114,5.923,0.304,0.000,0.000,1201,399,399,92964,0.0,200.0,-762.0
15804,50.585,0.850,7.292,0.455,0.000,0.000,1207,400,400,91302,0.0,200.0,-763.1
15827,23.702,1.014,6.178,0.273,0.000,0.000,1213,399,399,89006,0.0,200.0,-765.7
15865,38.088,0.809,7.074,0.340,0.000,0.000,1219,399,399,88118,0.0,200.0,-766.9
15896,30.524,7.283,7.163,0.297,0.000,0.000,1225,400,400,88120,0.0,200.0,-769.1
16003,107.002,55.267,7.936,0.457,0.000,0.000,1197,400,400,88120,0.0,200.0,-770.3
16027,23.721,1.124,6.118,0.301,0.000,0.000,1203,403,403,87488,0.0,200.0,-775.3
16077,50.711,0.835,6.623,0.445,0.000,0.000,1209,404,404,83888,0.0,200.0,-776.5
16101,23.416,1.105,5.836,0.280,0.000,0.000,1215,406,406,83892,0.0,200.0,-779.0
16152,50.631,0.922,7.266,0.409,0.000,0.000,1221,402,402,81634,0.0,200.0,-780.2
16175,23.790,1.113,6.158,0.298,0.000,0.000,1227,400,400,80038,0.0,200.0,-782.7
16227,51.814,0.943,8.197,0.285,0.000,0.000,1233,407,407,80052,0.0,200.0,-783.9
16251,23.605,0.892,6.754,0.317,0.000,0.000,1239,407,407,80052,0.0,200.0,-786.5
16355,104.648,56.346,8.346,0.374,0.000,0.000,1211,413,413,79436,0.0,200.0,-787.7
16379,23.732,1.259,6.072,0.376,0.000,0.000,1217,414,414,77578,0.0,200.0,-792.7
16428,48.582,0.732,8.341,0.292,0.000,0.000,1223,413,413,75880,0.0,200.0,-793.9
16451,23.522,0.975,6.572,0.351,0.000,0.000,1229,415,415,75260,0.0,200.0,-796.3
16506,54.230,1.057,9.476,0.306,0.000,0.000,1235,410,410,71932,0.0,200.0,-797.5
16529,23.551,0.833,6.886,0.320,0.000,0.000,1241,411,411,71934,0.0,200.0,-800.2
16627,97.351,50.349,8.794,0.355,0.000,0.000,1213,416,416,71944,0.0,200.0,-801.4
16652,25.490,3.078,6.142,0.288,0.000,0.000,1219,415,415,71942,0.0,200.0,-806.3
16703,50.933,0.753,8.762,0.289,0.000,0.000,1225,417,417,68518,0.0,200.0,-807.5
16727,23.679,0.846,6.908,0.294,0.000,0.000,1231,417,417,68518,0.0,200.0,-810.1
16776,48.945,1.146,9.600,0.391,0.000,0.000,1237,415,415,67784,0.0,200.0,-811.2
16801,25.622,2.844,7.543,0.311,0.000,0.000,1243,411,411,65472,0.0,200.0,-813.8
16853,51.166,0.874,9.601,0.618,0.000,0.000,1249,415,415,64592,0.0,200.0,-815.0
16876,23.528,0.922,7.243,0.331,0.000,0.000,1255,416,416,64594,0.0,200.0,-817.5
16980,104.226,50.627,9.968,0.288,0.000,0.000,1227,415,415,64592,0.0,200.0,-818.7
17006,25.647,1.685,8.108,0.357,0.000,0.000,1233,413,413,63906,0.0,200.0,-823.7
17059,52.570,1.010,9.667,0.300,0.000,0.000,1239,414,414,61128,0.0,200.0,-825.0
17082,23.498,1.062,7.279,0.254,0.000,0.000,1245,416,416,61132,0.0,200.0,-827.6
17132,50.034,0.757,9.459,0.311,0.000,0.000,1251,411,411,58166,0.0,200.0,-828.8
17156,23.860,1.028,7.537,0.392,0.000,0.000,1257,411,411,57284,0.0,200.0,-831.3
17209,52.877,0.834,9.590,0.279,0.000,0.000,1263,412,412,57286,0.0,200.0,-832.5
17277,68.563,45.504,7.420,0.269,0.000,0.000,1234,416,416,57294,0.0,200.0,-835.1
17316,38.914,0.817,6.855,0.347,0.000,0.000,1240,413,413,56372,0.0,200.0,-838.6
17347,30.776,8.069,7.547,0.335,0.000,0.000,1246,417,417,53626,0.0,200.0,-840.8
17397,49.555,0.825,8.474,0.470,0.000,0.000,1252,416,416,53624,0.0,200.0,-842.0
17421,23.912,1.001,7.772,0.316,0.000,0.000,1258,415,415,52926,0.0,200.0,-844.5
17472,50.905,1.105,9.787,0.378,0.000,0.000,1264,411,411,48910,0.0,200.0,-845.7
17496,24.163,1.104,8.082,0.366,0.000,0.000,1270,415,415,48918,0.0,200.0,-848.3
17555,59.281,36.835,7.193,0.344,0.000,0.000,1241,416,416,48920,0.0,200.0,-849.5
17583,27.480,0.933,6.767,0.410,0.000,0.000,1247,418,418,48924,0.0,200.0,-852.4
17647,64.074,21.526,21.316,0.431,0.000,14.000,1253,415,415,46270,0.0,200.0,-854.8
17688,40.933,19.100,6.757,0.352,0.000,0.000,1259,417,417,45446,0.0,200.0,-857.9
17736,48.623,0.831,7.855,0.444,0.000,0.000,1265,419,419,45450,0.0,200.0,-859.1
17759,22.286,0.691,6.620,0.307,0.000,0.000,1271,415,415,43706,0.0,200.0,-861.5
17810,51.551,0.905,8.189,0.392,0.000,0.000,1277,415,415,42844,0.0,200.0,-862.6
17833,22.380,0.734,6.729,0.300,0.000,0.000,1283,416,416,42846,0.0,200.0,-865.2
17889,56.615,23.038,5.945,0.385,0.000,0.000,1254,424,424,42862,0.0,200.0,-866.3
17911,22.055,0.680,6.640,0.354,0.000,0.000,1260,422,422,41924,0.0,200.0,-869.1
17961,49.793,1.033,9.397,0.452,0.000,0.000,1266,426,426,39502,0.0,200.0,-870.3
17984,22.925,1.071,6.990,0.310,0.000,0.000,1272,426,426,39502,0.0,200.0,-872.8
18032,47.567,0.795,7.825,0.493,0.000,0.000,1278,428,428,39506,0.0,200.0,-873.9
18054,22.630,0.948,6.982,0.328,0.000,0.000,1284,427,427,39504,0.0,200.0,-876.3
18096,41.707,0.881,8.794,0.341,0.000,0.000,1290,423,423,36900,0.0,200.0,-877.4
18126,29.798,6.824,7.942,0.307,0.000,0.000,1296,430,430,36914,0.0,200.0,-879.8
18174,48.087,0.764,7.804,0.465,0.000,0.000,1302,431,431,36916,0.0,200.0,-881.0
18239,64.920,26.180,7.928,0.403,0.000,0.000,1272,434,434,36922,0.0,200.0,-883.4
18262,23.287,1.361,7.257,0.290,0.000,0.000,1278,433,433,35064,0.0,200.0,-886.6
18318,56.038,0.656,11.935,0.330,0.000,0.000,1284,432,432,33542,0.0,200.0,-887.8
18341,22.894,0.791,7.410,0.262,0.000,0.000,1290,435,435,33548,0.0,200.0,-890.6
18391,49.635,0.824,9.817,0.322,0.000,0.000,1296,435,435,33006,0.0,200.0,-891.7
18413,22.621,0.776,7.215,0.287,0.000,0.000,1302,432,432,33000,0.0,200.0,-894.2
18464,50.723,0.792,10.721,0.431,0.000,0.000,1308,434,434,32028,0.0,200.0,-895.4
18487,22.892,0.752,7.500,0.301,0.000,0.000,1314,434,434,32028,0.0,200.0,-897.9
18544,56.607,27.594,5.800,0.409,0.000,0.000,1284,432,432,31066,0.0,200.0,-899.0
18566,22.557,1.095,6.544,0.380,0.000,0.000,1290,432,432,31066,0.0,200.0,-901.9
18597,30.432,0.753,8.370,0.484,0.000,0.000,1296,437,437,28590,0.0,200.0,-903.0
18630,33.046,8.059,5.635,0.304,0.000,0.000,1302,435,435,28586,0.0,200.0,-904.9
18652,22.590,0.782,6.961,0.291,0.000,0.000,1308,437,437,28590,0.0,200.0,-906.2
18701,48.098,0.803,9.700,0.425,0.000,0.000,1314,436,436,28588,0.0,200.0,-907.3
18724,23.846,1.184,7.749,0.380,0.000,0.000,1320,433,433,27682,0.0,200.0,-909.7
18778,53.879,2.005,13.097,0.375,0.000,0.000,1326,434,434,26520,0.0,200.0,-910.9
18802,23.801,1.180,7.698,0.348,0.000,0.000,1332,435,435,26522,0.0,200.0,-913.6
18859,56.896,27.780,7.040,0.320,0.000,0.000,1302,444,444,26540,0.0,200.0,-914.8
18882,22.898,0.800,7.359,0.301,0.000,0.000,1308,442,442,25552,0.0,200.0,-917.6
18936,53.541,1.110,9.809,0.288,0.000,0.000,1314,446,446,23030,0.0,200.0,-918.8
18958,22.739,0.794,7.075,0.299,0.000,0.000,1320,446,446,23030,0.0,200.0,-921.5
19000,41.627,0.860,8.124,0.339,0.000,0.000,1326,446,446,23030,0.0,200.0,-922.6
19029,28.772,6.575,7.286,0.335,0.000,0.000,1332,446,446,22036,0.0,200.0,-925.0
19077,48.152,0.701,8.328,0.308,0.000,0.000,1338,444,444,20974,0.0,200.0,-926.1
19100,23.350,0.840,7.554,0.345,0.000,0.000,1344,447,447,20980,0.0,200.0,-928.5
19157,56.748,29.701,6.281,0.282,0.000,0.000,1310,448,448,20982,0.0,200.0,-929.7
19180,23.055,1.278,7.008,0.236,0.000,0.000,1316,448,448,20982,0.0,200.0,-932.5
19228,48.128,0.955,9.838,0.341,0.000,0.000,1322,450,450,18162,0.0,200.0,-933.7
19251,22.716,0.779,7.217,0.308,0.000,0.000,1328,451,451,17098,0.0,200.0,-936.1
19305,53.967,0.840,10.565,0.320,0.000,0.000,1334,452,452,17100,0.0,200.0,-937.2
19331,25.740,1.634,9.254,0.330,0.000,0.000,1340,452,452,17100,0.0,200.0,-939.9
19381,50.178,1.300,11.481,0.409,0.000,0.000,1346,448,448,16086,0.0,200.0,-941.2
19405,23.966,0.929,8.010,0.342,0.000,0.000,1351,450,450,15126,0.0,200.0,-943.7
19448,43.082,0.858,10.613,0.334,0.000,0.000,1351,451,451,15128,0.0,200.0,-944.9
19517,68.435,39.771,5.701,0.425,0.000,0.000,1314,451,451,15128,0.0,200.0,-947.3
19539,22.724,0.997,6.805,0.335,0.000,0.000,1320,447,447,13486,0.0,200.0,-950.5
19589,49.853,0.830,10.122,0.461,0.000,0.000,1326,450,450,12314,0.0,200.0,-951.6
19612,23.169,1.007,7.339,0.365,0.000,0.000,1332,450,450,12314,0.0,200.0,-954.1
19660,47.623,0.829,8.606,0.460,0.000,0.000,1338,451,451,12316,0.0,200.0,-955.3
19683,23.106,1.004,7.302,0.356,0.000,0.000,1344,448,448,11630,0.0,200.0,-957.7
19713,30.157,0.842,9.399,0.456,0.000,0.000,1350,449,449,10542,0.0,200.0,-958.8
19746,33.022,8.338,5.607,0.298,0.000,0.000,1355,450,450,10544,0.0,200.0,-960.7
19809,62.555,35.119,5.917,0.303,0.000,0.000,1318,452,452,10548,0.0,200.0,-962.0
19838,29.304,0.717,8.294,0.426,0.000,0.000,1324,449,449,9918,0.0,200.0,-965.1
19873,34.946,12.371,5.851,0.287,0.000,0.000,1330,452,452,8332,0.0,200.0,-967.2
19899,25.582,1.530,9.039,0.358,0.000,0.000,1336,451,451,8330,0.0,200.0,-968.3
19949,49.888,1.285,10.795,0.419,0.000,0.000,1342,453,453,8334,0.0,200.0,-969.6
19972,23.353,0.935,7.579,0.288,0.000,0.000,1348,453,453,8334,0.0,200.0,-972.1
20022,49.529,0.818,10.382,0.424,0.000,0.000,1354,449,449,6952,0.0,200.0,-973.3
20045,23.574,1.131,7.584,0.334,0.000,0.000,1359,451,451,6956,0.0,200.0,-975.8
20094,49.320,0.945,11.207,0.331,0.000,0.000,1359,452,452,6958,0.0,200.0,-977.0
20158,63.202,39.830,6.015,0.342,0.000,0.000,1321,452,452,6958,0.0,200.0,-979.4
20180,22.010,0.680,6.558,0.280,0.000,0.000,1327,448,448,5720,0.0,200.0,-982.6
20230,49.875,0.763,10.114,0.307,0.000,0.000,1333,449,449,5722,0.0,200.0,-983.7
20253,23.199,0.904,7.395,0.294,0.000,0.000,1339,451,451,5726,0.0,200.0,-986.2
20301,48.012,0.825,10.162,0.303,0.000,0.000,1345,452,452,5728,0.0,200.0,-987.3
20324,23.434,0.890,7.368,0.223,0.000,0.000,1351,449,449,5144,0.0,200.0,-989.7
20372,48.121,0.726,10.862,0.311,0.000,0.000,1357,450,450,4498,0.0,200.0,-990.9
20402,29.224,1.002,7.782,0.392,0.000,0.000,1362,453,453,4504,0.0,200.0,-993.3
20486,84.581,59.655,5.829,0.289,0.000,0.000,1324,451,451,4500,0.0,200.0,-995.8
20511,24.950,1.609,8.414,0.290,0.000,0.000,1330,448,448,3878,0.0,200.0,-999.0
20561,50.253,1.261,10.939,0.365,0.000,0.000,1336,449,449,3880,0.0,200.0,-1000.2
20585,23.425,1.003,7.399,0.295,0.000,0.000,1342,454,454,3890,0.0,200.0,-1002.8
20634,49.023,0.728,11.669,0.338,0.000,0.000,1348,451,451,3296,0.0,200.0,-1003.9
20664,29.795,1.070,7.905,0.363,0.000,0.000,1354,451,451,3296,0.0,200.0,-1006.4
20699,35.004,3.720,5.838,0.362,0.000,0.000,1360,452,452,2674,0.0,200.0,-1008.0
20763,64.505,42.785,6.755,0.363,0.000,0.000,1326,454,454,2678,0.0,200.0,-1009.6
20786,22.594,0.798,6.989,0.308,0.000,0.000,1332,452,452,2674,0.0,200.0,-1012.9
20840,54.020,0.772,10.150,0.299,0.000,0.000,1338,450,450,2112,0.0,200.0,-1014.0
20863,23.030,0.738,7.415,0.318,0.000,0.000,1344,455,455,2122,0.0,200.0,-1016.7
20912,48.945,0.720,11.371,0.352,0.000,0.000,1350,454,454,2120,0.0,200.0,-1017.8
20935,23.000,0.837,7.322,0.279,0.000,0.000,1356,454,454,2120,0.0,200.0,-1020.3
20978,42.749,0.731,11.340,0.371,0.000,0.000,1362,450,450,1500,0.0,200.0,-1021.4
21007,29.693,6.662,8.223,0.285,0.000,0.000,1367,453,453,1506,0.0,200.0,-1023.9
21057,49.454,0.662,10.370,0.321,0.000,0.000,1367,454,454,1508,0.0,200.0,-1025.1
21129,71.816,49.895,7.084,0.334,0.000,0.000,1328,453,453,1506,0.0,200.0,-1027.5
21182,52.965,1.263,10.091,0.375,0.000,0.000,1334,450,450,1500,0.0,200.0,-1031.1
21209,27.442,0.912,7.387,0.407,0.000,0.000,1340,448,448,1496,0.0,200.0,-1033.8
21252,42.611,4.027,7.650,0.338,0.000,0.000,1346,450,450,1500,0.0,200.0,-1035.3
21278,26.183,0.857,7.201,0.680,0.000,0.000,1352,448,448,896,0.0,200.0,-1037.3
21324,46.289,3.017,9.199,0.319,0.000,0.000,1358,450,450,900,0.0,200.0,-1038.7
21354,29.616,0.856,7.755,0.449,0.000,0.000,1364,451,451,902,0.0,200.0,-1040.9
21442,88.213,65.771,7.297,0.363,0.000,0.000,1330,450,450,900,0.0,200.0,-1043.3
21484,41.473,0.677,8.325,0.377,0.000,0.000,1336,448,448,896,0.0,200.0,-1046.8
21513,29.815,6.497,8.404,0.381,0.000,0.000,1342,452,452,904,0.0,200.0,-1049.1
21562,48.931,0.826,11.225,0.305,0.000,0.000,1348,450,450,900,0.0,200.0,-1050.4
21592,29.337,0.829,7.635,0.410,0.000,0.000,1354,452,452,904,0.0,200.0,-1052.8
21634,42.235,19.746,7.635,0.292,0.000,0.000,1360,450,450,900,0.0,200.0,-1055.2
21684,50.141,0.665,9.431,0.303,0.000,0.000,1366,451,451,902,0.0,200.0,-1056.4
21763,79.191,50.183,7.706,0.440,0.000,0.000,1332,453,453,906,0.0,200.0,-1058.9
21797,33.880,7.094,8.727,0.354,0.000,0.000,1338,449,449,898,0.0,200.0,-1063.1
21827,29.543,1.262,7.362,0.412,0.000,0.000,1344,448,448,896,0.0,200.0,-1064.6
21868,41.509,19.347,7.321,0.280,0.000,0.000,1350,453,453,906,0.0,200.0,-1066.9
21916,47.834,0.621,8.434,0.438,0.000,0.000,1356,450,450,900,0.0,200.0,-1068.1
21940,23.428,1.054,7.506,0.270,0.000,0.000,1362,449,449,898,0.0,200.0,-1070.5
21989,48.975,0.868,11.727,0.429,0.000,0.000,1368,451,451,902,0.0,200.0,-1071.7
22014,25.497,0.720,8.136,0.369,0.000,0.000,1373,451,451,902,0.0,200.0,-1074.1
22114,99.544,58.360,9.125,0.300,0.000,0.000,1332,449,449,898,0.0,200.0,-1075.5
22137,23.363,0.739,7.351,0.222,0.000,0.000,1338,448,448,896,0.0,200.0,-1080.4
22184,46.774,0.748,11.563,0.335,0.000,0.000,1344,450,450,900,0.0,200.0,-1081.5
22207,23.203,1.264,7.075,0.307,0.000,0.000,1350,449,449,898,0.0,200.0,-1083.9
22237,30.299,0.775,9.621,0.470,0.000,0.000,1356,449,449,898,0.0,200.0,-1085.0
22271,33.121,10.387,6.719,0.286,0.000,0.000,1362,450,450,900,0.0,200.0,-1087.0
22301,30.057,0.889,8.617,0.437,0.000,0.000,1368,451,451,902,0.0,200.0,-1088.2
22390,89.789,67.754,7.187,0.321,0.000,0.000,1332,451,451,902,0.0,200.0,-1090.2
22434,43.090,1.510,10.595,0.355,0.000,0.000,1338,449,449,898,0.0,200.0,-1094.2
22464,30.535,8.120,7.406,0.303,0.000,0.000,1344,449,449,898,0.0,200.0,-1096.7
22513,49.273,0.966,10.607,0.350,0.000,0.000,1350,453,453,906,0.0,200.0,-1097.9
22543,29.450,0.897,7.283,0.458,0.000,0.000,1356,452,452,904,0.0,200.0,-1100.4
22585,41.712,19.147,7.569,0.352,0.000,0.000,1362,449,449,898,0.0,200.0,-1102.7
22625,40.363,0.885,9.627,0.357,0.000,0.000,1368,451,451,902,0.0,200.0,-1103.9
22654,29.359,7.051,7.425,0.252,0.000,0.000,1373,451,451,902,0.0,200.0,-1106.2
22759,104.324,59.925,10.530,0.447,0.000,0.000,1332,449,449,898,0.0,200.0,-1107.4
22782,22.860,0.995,7.062,0.289,0.000,0.000,1338,448,448,896,0.0,200.0,-1112.4
22832,50.848,1.057,10.330,0.455,0.000,0.000,1344,448,448,896,0.0,200.0,-1113.5
22856,23.719,1.134,7.692,0.286,0.000,0.000,1350,449,449,898,0.0,200.0,-1116.1
22905,48.377,0.814,11.095,0.462,0.000,0.000,1356,448,448,896,0.0,200.0,-1117.3
22928,23.829,1.050,7.915,0.273,0.000,0.000,1362,450,450,900,0.0,200.0,-1119.7
22967,38.752,0.740,12.203,0.373,0.000,0.000,1368,451,451,902,0.0,200.0,-1120.9
23085,117.527,72.269,11.459,0.448,0.000,0.000,1332,451,451,902,0.0,200.0,-1123.1
23111,26.222,1.963,9.248,0.329,0.000,0.000,1338,449,449,898,0.0,200.0,-1128.1
23150,39.147,1.359,11.428,0.363,0.000,0.000,1344,447,447,894,0.0,200.0,-1129.4
23181,30.818,8.247,7.824,0.317,0.000,0.000,1350,450,450,900,0.0,200.0,-1131.8
23231,50.132,0.727,8.843,0.415,0.000,0.000,1356,449,449,898,0.0,200.0,-1132.9
23255,23.755,1.096,7.698,0.279,0.000,0.000,1362,451,451,902,0.0,200.0,-1135.4
23303,48.587,0.813,11.039,0.457,0.000,0.000,1368,452,452,904,0.0,200.0,-1136.6
23416,112.704,66.455,11.162,0.424,0.000,0.000,1332,454,454,908,0.0,200.0,-1139.1
23439,22.695,0.654,7.081,0.279,0.000,0.000,1338,450,450,900,0.0,200.0,-1144.1
23487,47.995,0.867,10.519,0.471,0.000,0.000,1344,451,451,902,0.0,200.0,-1145.2
23510,23.201,0.993,7.333,0.272,0.000,0.000,1350,451,451,902,0.0,200.0,-1147.6
23556,46.002,0.799,11.474,0.364,0.000,0.000,1356,450,450,900,0.0,200.0,-1148.8
23582,25.590,2.886,7.786,0.358,0.000,0.000,1362,451,451,902,0.0,200.0,-1151.2
23631,48.905,0.921,11.706,0.468,0.000,0.000,1368,452,452,904,0.0,200.0,-1152.4
23743,112.701,72.054,9.283,0.453,0.000,0.000,1332,453,453,906,0.0,200.0,-1154.8
23767,23.448,0.968,7.503,0.398,0.000,0.000,1338,450,450,900,0.0,200.0,-1159.8
23807,39.732,1.819,11.957,0.365,0.000,0.000,1344,449,449,898,0.0,200.0,-1161.0
23837,30.701,7.805,8.128,0.307,0.000,0.000,1350,451,451,902,0.0,200.0,-1163.3
23874,36.726,0.703,8.550,0.327,0.000,0.000,1356,449,449,898,0.0,200.0,-1164.5
23904,29.629,7.173,7.501,0.285,0.000,0.000,1362,450,450,900,0.0,200.0,-1166.6
23933,29.648,0.772,7.491,0.426,0.000,0.000,1368,452,452,904,0.0,200.0,-1167.8
23967,33.535,7.150,5.780,0.260,0.000,0.000,1373,452,452,904,0.0,200.0,-1169.6
24078,111.281,70.264,9.172,0.399,0.000,0.000,1332,452,452,904,0.0,200.0,-1171.0
24131,53.193,0.659,24.912,0.359,0.000,15.000,1338,450,450,900,0.0,200.0,-1176.0
24161,29.762,7.579,7.395,0.314,0.000,0.000,1344,451,451,902,0.0,200.0,-1179.0
24189,27.585,0.728,7.179,0.392,0.000,0.000,1350,448,448,896,0.0,200.0,-1180.1
24225,36.556,2.481,6.128,0.267,0.000,0.000,1356,448,448,896,0.0,200.0,-1181.6
24248,22.681,0.731,6.974,0.372,0.000,0.000,1362,451,451,902,0.0,200.0,-1183.3
24298,49.627,0.812,10.426,0.380,0.000,0.000,1368,452,452,904,0.0,200.0,-1184.5
24403,104.983,71.217,8.613,0.353,0.000,0.000,1332,453,453,906,0.0,200.0,-1187.0
24432,29.402,7.321,7.142,0.349,0.000,0.000,1338,453,453,906,0.0,200.0,-1192.0
24482,50.024,1.750,13.649,0.430,0.000,0.000,1344,449,449,898,0.0,200.0,-1193.1
24506,24.100,1.531,7.884,0.273,0.000,0.000,1350,452,452,904,0.0,200.0,-1195.6
24554,47.968,0.830,11.287,0.485,0.000,0.000,1356,451,451,902,0.0,200.0,-1196.8
24578,23.797,1.102,7.867,0.239,0.000,0.000,1362,452,452,904,0.0,200.0,-1199.2
24626,47.609,0.800,11.364,0.448,0.000,0.000,1368,453,453,906,0.0,200.0,-1200.4
24739,113.286,75.621,7.356,0.270,0.000,0.000,1332,455,455,910,0.0,200.0,-1202.8
24761,22.413,0.620,6.956,0.320,0.000,0.000,1338,451,451,902,0.0,200.0,-1207.8
24810,48.508,0.864,12.306,0.449,0.000,0.000,1344,453,453,906,0.0,200.0,-1208.9
24833,23.351,0.949,7.539,0.328,0.000,0.000,1350,452,452,904,0.0,200.0,-1211.4
24872,39.247,0.898,11.433,0.348,0.000,0.000,1356,451,451,902,0.0,200.0,-1212.5
24904,31.205,8.181,8.212,0.293,0.000,0.000,1362,451,451,902,0.0,200.0,-1214.8
24940,36.488,0.810,9.305,0.358,0.000,0.000,1368,453,453,906,0.0,200.0,-1216.0
25064,123.419,80.278,8.833,0.301,0.000,0.000,1332,454,454,908,0.0,200.0,-1218.2
25093,29.215,0.642,7.268,0.417,0.000,0.000,1338,451,451,902,0.0,200.0,-1223.2
25134,41.562,19.333,7.274,0.296,0.000,0.000,1344,453,453,906,0.0,200.0,-1225.6
25183,49.027,1.571,10.379,0.461,0.000,0.000,1350,451,451,902,0.0,200.0,-1226.7
25207,23.205,1.452,6.913,0.333,0.000,0.000,1356,452,452,904,0.0,200.0,-1229.2
25256,48.892,1.065,10.432,0.456,0.000,0.000,1362,452,452,904,0.0,200.0,-1230.4
25279,23.436,1.061,7.513,0.275,0.000,0.000,1368,453,453,906,0.0,200.0,-1232.8
25384,104.452,72.129,5.954,0.354,0.000,0.000,1332,455,455,910,0.0,200.0,-1234.0
25406,22.426,0.748,6.903,0.295,0.000,0.000,1338,451,451,902,0.0,200.0,-1239.0
25445,39.060,0.837,11.353,0.361,0.000,0.000,1344,454,454,908,0.0,200.0,-1240.1
25475,29.492,7.032,7.616,0.268,0.000,0.000,1350,452,452,904,0.0,200.0,-1242.4
25503,28.795,0.692,8.120,0.445,0.000,0.000,1356,454,454,908,0.0,200.0,-1243.5
25536,32.736,7.918,5.841,0.259,0.000,0.000,1362,452,452,904,0.0,200.0,-1245.3
25559,22.428,0.645,6.977,0.253,0.000,0.000,1368,452,452,904,0.0,200.0,-1246.6
25606,47.830,0.682,10.039,0.495,0.000,0.000,1373,453,453,906,0.0,200.0,-1247.7
25630,23.309,0.988,7.301,0.263,0.000,0.000,1373,455,455,910,0.0,200.0,-1250.1
25734,104.622,69.589,6.486,0.394,0.000,0.000,1332,451,451,902,0.0,200.0,-1251.3
25757,22.375,0.701,6.880,0.257,0.000,0.000,1338,450,450,900,0.0,200.0,-1256.3
25807,49.955,1.765,11.828,0.454,0.000,0.000,1344,451,451,902,0.0,200.0,-1257.4
25831,23.903,1.462,7.713,0.235,0.000,0.000,1350,452,452,904,0.0,200.0,-1259.9
25878,47.701,0.804,11.357,0.484,0.000,0.000,1356,450,450,900,0.0,200.0,-1261.1
25902,23.730,1.047,7.754,0.302,0.000,0.000,1362,452,452,904,0.0,200.0,-1263.5
25950,47.591,0.709,12.006,0.453,0.000,0.000,1368,453,453,1492,0.0,200.0,-1264.7
26063,112.860,73.974,7.909,0.278,0.000,0.000,1332,453,453,1492,0.0,200.0,-1267.0
26092,28.953,0.805,7.291,0.354,0.000,0.000,1338,452,452,1490,0.0,200.0,-1272.0
26127,35.484,1.754,6.149,0.379,0.000,0.000,1344,449,449,1484,0.0,200.0,-1273.5
26150,22.633,0.671,7.010,0.294,0.000,0.000,1350,454,454,1494,0.0,200.0,-1275.3
26198,48.522,0.783,10.749,0.417,0.000,0.000,1356,450,450,1486,0.0,200.0,-1276.4
26221,23.202,1.056,7.344,0.323,0.000,0.000,1362,451,451,1488,0.0,200.0,-1278.8
26270,48.870,0.907,10.557,0.296,0.000,0.000,1368,453,453,2090,0.0,200.0,-1280.0
26299,29.001,0.713,7.769,0.374,0.000,0.000,1373,453,453,2090,0.0,200.0,-1282.4
26432,132.755,89.052,10.121,0.479,0.000,0.000,1332,451,451,2086,0.0,200.0,-1284.8
26455,22.684,0.733,6.798,0.355,0.000,0.000,1338,448,448,2080,0.0,200.0,-1289.8
26510,54.906,1.944,16.003,0.764,0.000,0.000,1344,451,451,2086,0.0,200.0,-1291.0
26546,35.895,2.292,12.529,0.435,0.000,0.000,1350,450,450,3226,0.0,200.0,-1293.7
26586,40.424,2.160,8.130,0.300,0.000,0.000,1356,450,450,3226,0.0,200.0,-1295.6
26609,22.632,0.707,7.062,0.315,0.000,0.000,1362,452,452,3992,0.0,200.0,-1297.5
26713,104.347,65.290,8.171,0.371,0.000,0.000,1327,450,450,3988,0.0,200.0,-1298.7
26736,22.478,0.711,6.925,0.290,0.000,0.000,1333,448,448,3984,0.0,200.0,-1303.7
26783,47.422,0.754,8.490,0.465,0.000,0.000,1339,450,450,3988,0.0,200.0,-1304.8
26806,23.218,1.047,7.336,0.367,0.000,0.000,1345,449,449,3986,0.0,200.0,-1307.2
26843,36.918,0.815,11.244,0.359,0.000,0.000,1351,447,447,3982,0.0,200.0,-1308.3
26873,30.031,7.424,7.604,0.294,0.000,0.000,1357,447,447,3982,0.0,200.0,-1310.5
26901,28.051,0.728,7.358,0.448,0.000,0.000,1363,450,450,4734,0.0,200.0,-1311.7
26936,34.864,8.681,5.743,0.265,0.000,0.000,1369,450,450,4734,0.0,200.0,-1313.5
27043,107.155,62.264,11.936,0.438,0.000,0.000,1330,451,451,4736,0.0,200.0,-1314.8
27067,23.140,1.021,7.363,0.291,0.000,0.000,1336,449,449,4732,0.0,200.0,-1319.8
27115,48.131,0.885,10.576,0.441,0.000,0.000,1342,451,451,4736,0.0,200.0,-1321.0
27141,26.617,1.918,9.706,0.417,0.000,0.000,1348,450,450,4734,0.0,200.0,-1323.4
27190,48.731,1.230,11.051,0.403,0.000,0.000,1354,448,448,5242,0.0,200.0,-1324.7
27214,23.941,1.115,7.829,0.249,0.000,0.000,1360,449,449,5756,0.0,200.0,-1327.2
27263,48.469,0.668,10.969,0.350,0.000,0.000,1366,451,451,6366,0.0,200.0,-1328.3
27370,107.752,63.978,10.803,0.425,0.000,0.000,1330,453,453,6370,0.0,200.0,-1330.8
27394,23.370,1.048,7.558,0.290,0.000,0.000,1336,449,449,6362,0.0,200.0,-1335.8
27432,38.055,0.822,10.453,0.371,0.000,0.000,1342,451,451,6366,0.0,200.0,-1336.9
27462,29.833,7.081,7.777,0.347,0.000,0.000,1348,450,450,6364,0.0,200.0,-1339.1
27491,29.315,0.838,7.939,0.471,0.000,0.000,1354,449,449,6362,0.0,200.0,-1340.3
27524,32.837,8.859,5.882,0.315,0.000,0.000,1360,449,449,6362,0.0,200.0,-1342.2
27552,28.467,0.760,7.159,0.397,0.000,0.000,1366,451,451,6956,0.0,200.0,-1343.4
27588,35.538,2.370,6.095,0.379,0.000,0.000,1371,451,451,6956,0.0,200.0,-1344.9
27694,106.216,56.361,11.415,0.284,0.000,0.000,1330,452,452,6958,0.0,200.0,-1346.6
27723,28.935,0.705,7.049,0.400,0.000,0.000,1336,449,449,6952,0.0,200.0,-1351.6
27765,41.963,19.586,7.589,0.301,0.000,0.000,1342,451,451,6956,0.0,200.0,-1354.0
27816,50.538,1.647,11.734,0.362,0.000,0.000,1348,448,448,5808,0.0,200.0,-1355.2
27854,38.733,1.278,10.704,0.372,0.000,0.000,1354,448,448,7974,0.0,200.0,-1357.7
27883,28.821,6.437,7.534,0.288,0.000,0.000,1360,450,450,7978,0.0,200.0,-1359.9
27914,30.407,0.625,9.098,0.467,0.000,0.000,1366,451,451,8620,0.0,200.0,-1361.1
27995,81.511,52.440,5.885,0.274,0.000,0.000,1330,453,453,8624,0.0,200.0,-1362.9
28018,22.588,0.716,6.922,0.367,0.000,0.000,1336,450,450,8618,0.0,200.0,-1366.7
28067,49.249,1.029,11.417,0.447,0.000,0.000,1342,453,453,8624,0.0,200.0,-1367.8
28090,23.260,0.998,7.420,0.294,0.000,0.000,1348,452,452,8622,0.0,200.0,-1370.3
28139,48.880,0.799,11.500,0.295,0.000,0.000,1354,454,454,8626,0.0,200.0,-1371.5
28162,23.194,0.727,7.647,0.384,0.000,0.000,1360,451,451,8620,0.0,200.0,-1373.9
28211,48.537,0.830,11.181,0.421,0.000,0.000,1366,451,451,8620,0.0,200.0,-1375.1
28235,23.682,0.955,7.797,0.277,0.000,0.000,1371,452,452,9280,0.0,200.0,-1377.5
28290,55.814,29.933,5.938,0.339,0.000,0.000,1330,452,452,9280,0.0,200.0,-1378.7
28316,25.821,0.785,6.925,0.596,0.000,0.000,1336,450,450,9276,0.0,200.0,-1381.5
28362,45.954,3.145,9.616,0.304,0.000,0.000,1342,454,454,9284,0.0,200.0,-1382.9
28395,32.948,2.160,11.530,0.354,0.000,0.000,1348,452,452,7072,0.0,200.0,-1385.1
28443,47.419,24.004,8.535,0.311,0.000,0.000,1354,454,454,10308,0.0,200.0,-1387.8
28478,35.381,0.836,7.667,0.347,0.000,0.000,1360,451,451,10302,0.0,200.0,-1389.1
28508,29.675,6.767,7.974,0.359,0.000,0.000,1366,451,451,10302,0.0,200.0,-1391.1
28538,30.058,0.855,8.535,0.504,0.000,0.000,1371,452,452,10938,0.0,200.0,-1392.3
28619,81.396,35.855,11.494,0.448,0.000,0.000,1330,454,454,10942,0.0,200.0,-1394.1
28642,23.089,0.926,7.278,0.364,0.000,0.000,1336,450,450,10934,0.0,200.0,-1397.9
28690,48.134,0.848,9.930,0.459,0.000,0.000,1342,454,454,10942,0.0,200.0,-1399.1
28723,32.110,1.553,9.219,0.478,0.000,0.000,1348,452,452,10938,0.0,200.0,-1401.5
28758,35.610,2.578,7.519,0.399,0.000,0.000,1354,453,453,10940,0.0,200.0,-1403.2
28782,23.981,0.972,8.055,0.282,0.000,0.000,1360,450,450,10934,0.0,200.0,-1404.9
28829,47.194,0.737,11.218,0.305,0.000,0.000,1366,451,451,10936,0.0,200.0,-1406.1
28854,24.073,1.234,7.938,0.268,0.000,0.000,1371,451,451,10936,0.0,200.0,-1408.4
28910,56.634,34.963,6.317,0.312,0.000,0.000,1330,454,454,11918,0.0,200.0,-1409.6
28937,26.443,0.703,6.795,0.433,0.000,0.000,1336,452,452,11914,0.0,200.0,-1412.5
28980,43.722,6.066,11.465,0.439,0.000,0.000,1342,452,452,9382,0.0,200.0,-1414.0
29004,23.654,1.512,7.276,0.313,0.000,0.000,1348,457,457,14506,0.0,200.0,-1416.0
29052,47.512,0.572,9.188,0.261,0.000,0.000,1354,454,454,14500,0.0,200.0,-1417.1
29075,23.167,0.771,7.404,0.323,0.000,0.000,1360,455,455,14502,0.0,200.0,-1419.5
29124,49.660,0.805,11.396,0.270,0.000,0.000,1366,451,451,14494,0.0,200.0,-1420.7
29154,29.585,0.763,7.702,0.420,0.000,0.000,1371,452,452,14496,0.0,200.0,-1423.2
29196,41.878,19.432,7.590,0.248,0.000,0.000,1371,454,454,15228,0.0,200.0,-1425.6
29253,57.410,35.286,6.438,0.309,0.000,0.000,1330,452,452,15224,0.0,200.0,-1426.7
29282,28.578,0.734,6.907,0.419,0.000,0.000,1336,450,450,15220,0.0,200.0,-1429.6
29316,34.473,4.409,5.818,0.324,0.000,0.000,1342,452,452,15224,0.0,200.0,-1431.2
29340,23.678,1.171,7.715,0.265,0.000,0.000,1348,452,452,15224,0.0,200.0,-1432.8
29383,43.109,0.814,11.545,0.362,0.000,0.000,1354,455,455,15230,0.0,200.0,-1433.9
29413,29.375,6.576,7.812,0.258,0.000,0.000,1360,454,454,15228,0.0,200.0,-1436.4
29455,42.370,0.639,10.105,0.350,0.000,0.000,1366,450,450,15220,0.0,200.0,-1437.6
29484,28.498,5.890,7.712,0.265,0.000,0.000,1371,453,453,15226,0.0,200.0,-1439.9
29536,51.971,1.649,15.376,0.506,0.000,0.000,1371,449,449,15058,0.0,200.0,-1441.1
29607,71.349,36.101,20.319,0.318,0.000,12.000,1332,453,453,21836,0.0,200.0,-1443.7
29648,41.511,0.702,8.026,0.330,0.000,0.000,1338,449,449,21828,0.0,200.0,-1447.3
29677,28.399,6.496,7.048,0.314,0.000,0.000,1344,452,452,21834,0.0,200.0,-1449.6
29725,48.358,0.925,10.619,0.412,0.000,0.000,1350,451,451,21832,0.0,200.0,-1450.8
29886,41.832,0.457,8.997,0.407,0.000,0.000,1356,452,452,21834,0.0,200.0,-1455.8
29909,23.326,1.006,7.385,0.289,0.000,0.000,1362,453,453,22990,0.0,200.0,-1457.9
29972,63.083,41.347,6.843,0.314,0.000,0.000,1327,449,449,22982,0.0,200.0,-1459.1
30022,49.049,0.807,9.655,0.342,0.000,0.000,1333,452,452,22988,0.0,200.0,-1462.2
30044,22.910,0.833,7.096,0.333,0.000,0.000,1339,449,449,22982,0.0,200.0,-1464.7
30086,41.182,0.794,10.096,0.331,0.000,0.000,1345,453,453,22990,0.0,200.0,-1465.8
30118,32.047,10.020,7.260,0.255,0.000,0.000,1351,452,452,22988,0.0,200.0,-1468.3
30149,31.256,0.672,8.740,0.337,0.000,0.000,1357,449,449,22982,0.0,200.0,-1469.5
30181,32.183,7.629,6.024,0.250,0.000,0.000,1363,450,450,22984,0.0,200.0,-1471.4
30207,26.287,0.636,7.325,0.449,0.000,0.000,1369,451,451,22986,0.0,200.0,-1472.7
30300,92.345,46.606,11.286,0.258,0.000,0.000,1330,453,453,21820,0.0,200.0,-1474.1
30330,29.760,1.166,7.471,0.378,0.000,0.000,1336,453,453,25398,0.0,200.0,-1478.6
30365,35.260,1.947,6.212,0.361,0.000,0.000,1342,450,450,25392,0.0,200.0,-1480.1
30388,23.393,1.082,7.286,0.286,0.000,0.000,1348,452,452,25396,0.0,200.0,-1481.9
30439,50.982,0.996,10.088,0.358,0.000,0.000,1354,454,454,25400,0.0,200.0,-1483.0
30462,23.184,0.876,7.146,0.231,0.000,0.000,1360,451,451,25394,0.0,200.0,-1485.6
30510,47.699,0.735,11.087,0.279,0.000,0.000,1366,451,451,25394,0.0,200.0,-1486.7
30537,26.617,0.775,7.497,0.625,0.000,0.000,1371,452,452,26098,0.0,200.0,-1489.1
30631,94.308,47.175,10.746,0.398,0.000,0.000,1330,453,453,26100,0.0,200.0,-1490.6
30654,22.825,0.585,7.334,0.390,0.000,0.000,1336,450,450,26094,0.0,200.0,-1495.2
30690,36.207,0.751,8.680,0.334,0.000,0.000,1342,451,451,26096,0.0,200.0,-1496.3
30719,28.960,6.707,7.451,0.280,0.000,0.000,1348,451,451,26096,0.0,200.0,-1498.4
30749,29.309,0.622,7.220,0.418,0.000,0.000,1354,453,453,26100,0.0,200.0,-1499.6
30782,33.694,7.062,5.796,0.327,0.000,0.000,1360,451,451,26096,0.0,200.0,-1501.3
