timestamp_ms,frame_wall_ms,update_ms,upload_ms,render_submit_ms,gpu_ms,gpu_valid,swap_ms,gc_pause_ms,chunks_loaded,chunks_visible,draw_calls,triangles,x,y,z
115,109.801,62.957,0.002,30.427,0.000,false,14.785,2.000,8,0,0,0,0.0,200.0,-5.0
148,30.036,8.000,0.000,1.618,17.901,true,20.379,6.000,18,0,0,0,0.0,200.0,-10.0
188,39.874,8.784,0.000,6.346,18.547,true,24.629,0.000,28,0,0,0,0.0,200.0,-11.6
225,36.437,8.705,0.000,6.749,23.952,true,20.869,4.000,38,0,0,0,0.0,200.0,-13.6
267,41.772,6.130,0.001,6.051,19.208,true,29.486,0.000,48,0,0,0,0.0,200.0,-15.5
306,39.220,15.601,0.001,2.412,27.975,true,21.091,7.000,58,0,0,0,0.0,200.0,-17.6
339,32.907,6.182,0.000,2.717,20.241,true,23.964,0.000,68,1,1,1000,0.0,200.0,-19.5
376,37.381,14.950,0.000,1.432,23.478,true,20.961,8.000,78,1,1,1000,0.0,200.0,-21.2
426,49.437,7.223,0.001,5.890,19.930,true,36.239,0.000,88,2,2,1714,0.0,200.0,-23.0
470,44.222,4.158,0.000,23.974,28.931,true,16.032,15.000,98,3,3,2466,0.0,200.0,-25.5
485,14.495,5.716,0.000,1.854,17.343,true,6.874,0.000,108,7,7,5636,0.0,200.0,-27.7
537,51.966,5.037,0.000,11.447,21.539,true,35.286,16.000,112,7,7,5636,0.0,200.0,-28.5
553,16.265,8.246,0.000,1.803,35.221,true,6.155,0.000,122,7,7,5636,0.0,200.0,-31.1
583,29.199,5.776,0.000,6.853,16.201,true,16.340,0.000,132,7,7,5636,0.0,200.0,-31.9
635,51.750,25.817,0.001,3.049,16.469,true,22.818,19.000,142,7,7,5636,0.0,200.0,-33.4
668,33.592,5.267,0.000,4.813,22.358,true,23.418,0.000,152,12,12,9926,0.0,200.0,-36.0
718,49.340,6.054,0.000,1.823,23.533,true,41.416,26.000,162,12,12,9926,0.0,200.0,-37.6
733,15.515,5.573,0.000,6.380,16.975,true,3.447,0.000,172,12,12,9926,0.0,200.0,-40.1
786,52.802,4.980,0.000,29.358,37.352,true,18.342,0.000,182,12,12,9926,0.0,200.0,-40.9
851,64.386,8.625,0.000,4.628,17.368,true,51.061,30.000,192,13,13,10880,0.0,200.0,-43.5
880,28.577,4.340,0.000,5.420,26.321,true,18.716,0.000,202,15,15,12842,0.0,200.0,-46.8
916,36.365,5.659,0.001,4.583,18.607,true,26.013,0.000,212,18,18,15128,0.0,200.0,-48.2
956,39.369,5.552,0.001,13.034,25.896,true,20.693,0.000,222,19,19,15724,0.0,200.0,-50.0
982,26.212,4.418,0.001,2.597,20.717,true,19.136,0.000,232,23,23,18342,0.0,200.0,-52.0
1073,91.294,54.133,0.000,10.057,19.073,true,27.004,47.000,242,23,23,18342,0.0,200.0,-53.3
1099,26.031,3.875,0.000,2.332,26.988,true,19.758,0.000,252,24,24,18988,0.0,200.0,-57.9
1134,34.440,3.510,0.000,2.270,19.693,true,28.602,0.000,262,24,24,18988,0.0,200.0,-59.2
1200,66.363,5.763,0.000,8.217,28.203,true,52.327,48.000,272,35,35,26412,0.0,200.0,-60.9
1211,10.861,3.484,0.000,2.310,26.896,true,5.007,0.000,282,36,36,27130,0.0,200.0,-64.2
1279,67.512,2.835,0.000,21.279,27.973,true,43.329,0.000,292,36,36,27130,0.0,200.0,-64.8
1309,29.736,5.033,0.000,3.506,42.720,true,21.133,0.000,302,37,37,28228,0.0,200.0,-68.2
1376,67.423,3.894,0.000,3.764,22.082,true,59.695,52.000,312,37,37,28228,0.0,200.0,-69.6
1423,47.040,5.769,0.000,6.569,26.758,true,34.633,0.000,322,37,37,28228,0.0,200.0,-73.0
1432,8.229,3.240,0.000,2.998,33.759,true,1.961,0.000,332,38,38,28832,0.0,200.0,-75.4
1475,43.225,4.791,0.000,15.713,22.443,true,22.629,0.000,340,37,37,28154,0.0,200.0,-75.8
1485,9.602,4.687,0.000,3.805,21.541,true,1.045,0.000,350,40,40,30206,0.0,200.0,-78.0
1586,101.520,6.049,0.000,35.681,42.664,true,59.719,56.000,360,40,40,30206,0.0,200.0,-78.4
1599,12.538,3.842,0.000,3.112,16.385,true,5.524,0.000,370,45,45,34118,0.0,200.0,-83.4
1671,71.732,4.050,0.000,18.082,26.935,true,49.461,0.000,380,46,46,49864,0.0,200.0,-84.1
1705,34.486,4.999,0.000,6.292,48.326,true,23.113,0.000,390,52,52,121924,0.0,200.0,-87.7
1760,54.934,4.819,0.000,10.988,24.222,true,39.033,0.000,400,55,55,154646,0.0,200.0,-89.4
1771,11.022,3.708,0.000,6.617,41.041,true,0.648,0.000,410,55,55,154646,0.0,200.0,-92.1
1858,86.838,3.881,0.001,81.360,26.760,true,1.403,74.000,420,55,55,172102,0.0,200.0,-92.7
1867,9.005,5.017,0.000,3.018,26.672,true,0.921,0.000,430,55,55,172102,0.0,200.0,-97.0
1929,61.424,5.265,0.000,30.180,35.667,true,25.884,0.000,440,55,55,172102,0.0,200.0,-97.5
1976,47.037,4.978,0.000,8.165,25.346,true,33.845,0.000,450,60,60,175870,0.0,200.0,-100.6
2304,76.909,6.500,0.000,6.906,34.324,true,63.454,137.000,460,66,66,192790,0.0,200.0,-105.6
2383,79.013,11.932,0.000,11.040,29.761,true,55.916,2.000,470,73,73,262570,0.0,200.0,-109.4
2427,43.338,4.358,0.000,9.370,57.246,true,29.549,0.000,480,74,74,276368,0.0,200.0,-113.4
2544,117.400,6.350,0.000,9.113,29.708,true,101.887,48.000,490,82,82,296554,0.0,200.0,-115.5
2558,13.456,4.863,0.000,3.878,63.098,true,4.660,0.000,500,86,86,337090,0.0,200.0,-120.5
2641,82.867,2.626,0.000,32.067,38.771,true,48.094,0.000,510,86,86,337090,0.0,200.0,-121.2
2657,15.578,6.618,0.000,4.042,47.429,true,4.860,0.000,520,93,93,382950,0.0,200.0,-125.4
2772,115.005,3.125,0.000,29.156,36.022,true,82.613,69.000,530,91,91,380994,0.0,200.0,-126.2
2847,75.406,5.942,0.000,5.915,63.885,true,63.471,0.000,540,92,92,380996,0.0,200.0,-131.2
2889,41.648,5.157,0.000,4.365,65.728,true,32.043,0.000,550,106,106,390606,0.0,200.0,-134.9
2935,46.040,3.494,0.000,4.057,32.864,true,37.914,0.000,560,107,107,412600,0.0,200.0,-137.0
2984,48.666,4.331,0.000,9.266,38.064,true,34.976,0.000,570,108,108,413358,0.0,200.0,-139.3
3068,84.601,43.637,0.000,6.952,35.864,true,33.950,0.000,580,109,109,425570,0.0,200.0,-141.8
3077,8.840,3.550,0.000,3.929,34.144,true,1.307,0.000,590,110,110,447822,0.0,200.0,-146.0
3235,157.160,4.342,0.000,151.714,34.492,true,0.946,138.000,600,110,110,447822,0.0,200.0,-146.4
3289,54.520,4.839,0.001,12.000,51.367,true,37.628,0.000,610,113,113,488020,0.0,200.0,-151.4
3336,46.554,6.095,0.000,4.492,38.243,true,35.919,0.000,620,115,115,518142,0.0,200.0,-154.2
3422,86.196,5.663,0.000,11.416,36.487,true,69.057,0.000,630,121,121,535964,0.0,200.0,-156.5
3617,194.388,8.248,0.000,5.015,69.349,true,181.045,129.000,640,126,126,553294,0.0,200.0,-160.8
3671,53.826,9.887,0.000,4.717,51.674,true,39.145,0.000,647,130,130,596892,0.0,200.0,-165.8
3756,85.513,3.857,0.000,7.738,39.771,true,73.810,0.000,654,130,130,593632,0.0,200.0,-168.5
3876,119.994,6.111,0.000,9.047,74.753,true,104.751,77.000,660,143,143,675874,0.0,200.0,-172.8
3974,98.024,5.818,0.000,12.405,56.900,true,79.745,2.000,666,145,145,714788,0.0,200.0,-177.8
4059,84.420,11.445,0.000,4.984,79.873,true,67.915,0.000,667,154,154,759754,0.0,200.0,-182.7
4139,80.483,5.480,0.000,5.905,68.802,true,69.030,0.000,674,159,159,790682,0.0,200.0,-186.9
4220,80.503,4.364,0.000,4.046,69.715,true,72.044,0.000,680,160,160,801476,0.0,200.0,-190.9
4281,60.855,4.007,0.001,5.182,72.362,true,51.604,0.000,686,165,165,814362,0.0,200.0,-195.0
4341,60.246,10.509,0.000,5.965,51.714,true,43.716,0.000,683,169,169,853574,0.0,200.0,-198.0
4421,79.544,4.173,0.000,4.260,43.660,true,71.078,0.000,690,175,175,869904,0.0,200.0,-201.0
4467,45.921,3.448,0.000,4.712,71.849,true,37.726,0.000,696,178,178,872384,0.0,200.0,-205.0
4544,77.146,3.903,0.000,6.683,38.533,true,66.506,0.000,702,181,181,859174,0.0,200.0,-207.3
4610,66.038,4.892,0.000,5.976,67.611,true,55.130,0.000,708,191,191,866688,0.0,200.0,-211.2
4669,59.088,16.879,0.000,5.302,56.409,true,36.868,0.000,699,190,190,853074,0.0,200.0,-214.5
4747,77.116,3.437,0.000,5.570,38.115,true,68.068,0.000,706,196,196,857068,0.0,200.0,-217.4
4806,59.482,4.008,0.000,10.220,69.701,true,45.214,0.000,712,202,202,860524,0.0,200.0,-221.3
4853,47.247,3.115,0.000,10.220,50.090,true,33.856,0.000,718,199,199,845528,0.0,200.0,-224.3
4929,75.848,20.357,0.000,6.401,32.446,true,49.045,0.000,703,207,207,850672,0.0,200.0,-226.6
4973,43.662,2.438,0.000,3.888,50.323,true,37.302,0.000,710,206,206,834788,0.0,200.0,-230.4
5043,70.332,2.814,0.000,4.632,38.210,true,62.850,0.000,716,203,203,818024,0.0,200.0,-232.6
5088,45.087,2.515,0.000,4.661,63.784,true,37.879,0.000,722,203,203,818024,0.0,200.0,-236.1
5167,78.312,3.871,0.000,8.426,38.801,true,65.968,0.000,728,206,206,807386,0.0,200.0,-238.4
5224,56.929,3.826,0.000,5.773,67.851,true,47.281,0.000,734,208,208,808620,0.0,200.0,-242.3
5291,67.049,20.442,0.000,7.321,48.610,true,39.248,0.000,719,207,207,795562,0.0,200.0,-245.1
5365,73.571,4.031,0.000,6.824,40.777,true,62.653,0.000,726,204,204,780632,0.0,200.0,-248.5
5476,111.081,43.509,0.000,6.878,66.376,true,60.646,39.000,732,204,204,780632,0.0,200.0,-252.2
5521,44.824,3.078,0.000,5.236,63.727,true,36.476,0.000,738,205,205,768146,0.0,200.0,-257.2
5587,65.942,18.680,0.000,5.651,38.435,true,41.574,0.000,723,205,205,768146,0.0,200.0,-259.4
5632,44.902,3.059,0.000,4.386,38.668,true,37.418,0.000,730,207,207,738922,0.0,200.0,-262.7
5704,72.378,4.126,0.000,6.827,38.425,true,61.370,0.000,736,205,205,737686,0.0,200.0,-265.0
5785,81.019,4.149,0.000,5.804,62.979,true,71.024,0.000,742,205,205,737686,0.0,200.0,-268.6
5870,84.461,7.155,0.000,7.372,72.435,true,69.887,0.000,748,210,210,713396,0.0,200.0,-272.6
5951,81.529,20.323,0.000,5.659,71.598,true,55.503,0.000,738,210,210,713396,0.0,200.0,-276.9
6010,59.182,4.228,0.000,5.473,56.987,true,49.442,0.000,745,206,206,682892,0.0,200.0,-280.9
6058,47.564,4.059,0.000,4.895,50.775,true,38.570,0.000,751,206,206,682892,0.0,200.0,-283.9
6138,79.612,3.875,0.000,7.173,39.619,true,68.524,0.000,757,204,204,668018,0.0,200.0,-286.3
6198,60.371,4.236,0.000,5.924,70.272,true,50.175,0.000,763,211,211,660382,0.0,200.0,-290.3
6260,61.762,20.115,0.000,4.773,51.900,true,36.842,0.000,751,210,210,644636,0.0,200.0,-293.3
6333,72.707,3.930,0.000,7.439,38.213,true,61.258,0.000,758,207,207,627062,0.0,200.0,-296.4
6378,44.863,2.764,0.000,5.344,64.892,true,36.721,0.000,764,207,207,627062,0.0,200.0,-300.0
6455,76.927,1.939,0.000,7.078,38.280,true,67.871,0.000,770,212,212,605944,0.0,200.0,-302.3
6497,42.515,0.556,0.000,6.298,70.261,true,35.622,0.000,776,212,212,605944,0.0,200.0,-306.1
6572,74.998,25.035,0.000,5.214,37.542,true,44.719,0.000,763,210,210,592638,0.0,200.0,-308.2
6615,42.474,0.709,0.000,5.479,44.681,true,36.251,0.000,769,211,211,580324,0.0,200.0,-312.0
6690,75.104,0.665,0.000,6.926,37.762,true,67.475,0.000,775,214,214,567794,0.0,200.0,-314.1
6733,43.250,0.715,0.000,6.354,69.521,true,36.145,0.000,781,215,215,568720,0.0,200.0,-317.9
6810,76.777,0.959,0.000,8.466,37.791,true,67.302,0.000,787,213,213,552808,0.0,200.0,-320.0
6892,82.025,39.028,0.000,12.400,69.986,true,30.532,0.000,772,216,216,555582,0.0,200.0,-323.9
6933,40.408,0.600,0.000,4.106,29.346,true,35.604,0.000,778,217,217,531754,0.0,200.0,-328.0
6978,45.273,0.335,0.000,4.089,36.827,true,40.830,0.000,784,216,216,517328,0.0,200.0,-330.0
7023,45.056,0.871,0.000,9.902,41.964,true,34.247,0.000,790,216,216,517328,0.0,200.0,-332.3
7064,40.455,0.366,0.000,4.367,32.832,true,35.702,0.000,796,213,213,489306,0.0,200.0,-334.5
7107,43.493,0.656,0.000,5.267,36.986,true,37.549,0.000,802,225,225,495510,0.0,200.0,-336.5
7177,69.509,28.727,0.000,7.739,39.175,true,33.008,0.000,785,225,225,495510,0.0,200.0,-338.7
7218,40.951,1.213,0.000,5.382,31.972,true,34.334,0.000,791,229,229,486498,0.0,200.0,-342.2
7286,67.952,1.498,0.000,6.401,35.693,true,60.026,0.000,797,226,226,455510,0.0,200.0,-344.2
7326,40.642,0.335,0.000,7.456,62.763,true,32.818,0.000,803,226,226,455510,0.0,200.0,-347.6
7367,40.369,0.896,0.000,6.849,31.208,true,32.599,0.000,809,231,231,446984,0.0,200.0,-349.7
7418,51.159,0.536,0.000,5.641,34.892,true,44.959,0.000,815,230,230,434764,0.0,200.0,-351.7
7460,41.948,0.706,0.000,9.444,46.671,true,31.762,0.000,821,243,243,444236,0.0,200.0,-354.3
7532,71.907,32.106,0.000,9.333,30.213,true,30.427,0.000,804,241,241,431592,0.0,200.0,-356.4
7570,38.019,0.542,0.000,4.616,29.318,true,32.840,0.000,810,242,242,407272,0.0,200.0,-360.0
7621,51.305,0.537,0.000,6.981,34.328,true,43.759,0.000,816,241,241,392046,0.0,200.0,-361.9
7662,40.178,0.688,0.000,8.203,45.845,true,31.256,0.000,822,242,242,392856,0.0,200.0,-364.4
7700,37.808,0.380,0.000,5.120,29.659,true,32.287,0.000,828,239,239,365478,0.0,200.0,-366.4
7771,71.757,0.780,0.000,7.227,33.860,true,63.704,0.000,834,247,247,369780,0.0,200.0,-368.3
7844,72.544,33.363,0.000,11.996,66.592,true,27.152,0.000,816,247,247,369780,0.0,200.0,-371.9
7881,37.174,0.638,0.000,5.172,26.026,true,31.344,0.000,822,243,243,328964,0.0,200.0,-375.6
7924,42.803,0.956,0.000,6.438,33.041,true,35.386,0.000,828,242,242,315504,0.0,200.0,-377.4
7970,45.676,1.442,0.000,13.062,37.384,true,31.139,0.000,834,242,242,315504,0.0,200.0,-379.6
8007,36.962,0.915,0.000,5.550,29.598,true,30.477,0.000,840,247,247,293712,0.0,200.0,-381.8
8057,50.190,0.360,0.000,7.924,32.190,true,41.880,0.000,846,246,246,282102,0.0,200.0,-383.7
8096,38.543,0.656,0.000,10.986,44.254,true,26.869,0.000,852,248,248,282784,0.0,200.0,-386.2
8167,70.878,35.363,0.000,10.076,25.341,true,25.409,0.000,834,246,246,269660,0.0,200.0,-388.1
8202,35.403,0.456,0.000,5.606,24.298,true,29.318,0.000,840,244,244,243934,0.0,200.0,-391.7
8252,50.096,0.737,0.000,5.572,30.987,true,43.756,0.000,846,243,243,231778,0.0,200.0,-393.5
8291,38.622,0.458,0.000,7.756,45.655,true,30.358,0.000,852,243,243,231778,0.0,200.0,-396.0
8326,35.445,0.703,0.000,5.727,28.793,true,28.963,0.000,858,248,248,222356,0.0,200.0,-397.9
8395,68.961,0.429,0.000,6.325,30.834,true,62.183,0.000,864,248,248,222356,0.0,200.0,-399.7
8431,36.138,0.937,0.000,6.405,64.574,true,28.773,0.000,870,249,249,222996,0.0,200.0,-403.1
8507,75.778,41.658,0.000,7.391,30.839,true,26.702,0.000,852,250,250,211426,0.0,200.0,-404.9
8541,33.503,0.559,0.000,5.400,25.530,true,27.525,0.000,858,252,252,188410,0.0,200.0,-408.7
8592,51.295,0.331,0.000,5.513,29.497,true,45.420,0.000,864,252,252,188410,0.0,200.0,-410.4
8630,38.051,1.263,0.000,8.281,47.455,true,28.471,0.000,870,252,252,188410,0.0,200.0,-413.0
8664,33.822,1.442,0.000,5.414,26.895,true,26.948,0.000,876,249,249,186434,0.0,200.0,-414.9
8710,46.127,0.783,0.000,6.094,28.962,true,39.227,0.000,882,257,257,189650,0.0,200.0,-416.6
8801,90.404,27.034,0.000,6.375,41.592,true,56.967,0.000,864,257,257,189650,0.0,200.0,-418.9
8832,31.487,0.523,0.000,4.856,59.136,true,26.085,0.000,870,261,261,188078,0.0,200.0,-423.4
8870,37.257,0.320,0.000,4.421,27.818,true,32.499,0.000,876,257,257,186014,0.0,200.0,-425.0
8910,40.859,0.768,0.000,9.190,33.913,true,30.875,0.000,882,257,257,186014,0.0,200.0,-426.8
8943,32.651,0.378,0.000,5.982,29.258,true,26.274,0.000,888,256,256,185348,0.0,200.0,-428.9
8987,44.252,0.636,0.000,6.308,27.967,true,37.286,0.000,894,266,266,188480,0.0,200.0,-430.5
9026,38.293,0.354,0.000,19.839,39.669,true,18.072,0.000,900,267,267,189180,0.0,200.0,-432.7
9095,68.708,32.734,0.000,6.441,18.036,true,29.497,0.000,882,279,279,198708,0.0,200.0,-434.6
9124,29.778,0.433,0.000,4.593,28.457,true,24.734,0.000,888,277,277,197116,0.0,200.0,-438.1
9162,37.134,0.576,0.000,5.120,26.315,true,31.417,0.000,894,273,273,195024,0.0,200.0,-439.6
9202,40.753,1.068,0.000,14.125,33.324,true,25.541,0.000,900,273,273,195024,0.0,200.0,-441.4
9234,31.192,0.317,0.000,5.855,24.925,true,25.001,0.000,906,273,273,195024,0.0,200.0,-443.5
9281,47.827,1.640,0.000,9.304,26.786,true,36.828,0.000,912,283,283,196486,0.0,200.0,-445.0
9320,38.093,1.424,0.000,8.020,40.658,true,28.609,0.000,918,284,284,195844,0.0,200.0,-447.4
9351,30.872,0.555,0.000,5.979,27.192,true,24.317,0.000,924,285,285,196560,0.0,200.0,-449.3
9413,62.125,28.652,0.000,12.532,26.457,true,20.910,0.000,904,284,284,195794,0.0,200.0,-450.9
9442,28.804,0.505,0.000,4.671,20.090,true,23.609,0.000,910,283,283,195022,0.0,200.0,-454.0
9475,33.627,0.352,0.000,5.201,25.317,true,28.056,0.000,916,280,280,192668,0.0,200.0,-455.4
9518,42.962,0.576,0.000,13.424,29.961,true,28.932,0.000,922,279,279,192666,0.0,200.0,-457.1
9548,29.287,0.590,0.000,5.503,27.951,true,23.176,0.000,928,285,285,195496,0.0,200.0,-459.2
9590,42.486,0.336,0.000,6.562,25.255,true,35.561,0.000,934,283,283,194042,0.0,200.0,-460.7
9622,32.339,0.450,0.000,8.864,38.488,true,22.993,0.000,940,285,285,193326,0.0,200.0,-462.8
9652,29.579,0.344,0.000,5.800,21.467,true,23.414,0.000,946,286,286,194244,0.0,200.0,-464.5
9722,69.528,40.448,0.000,6.729,25.674,true,22.317,0.000,926,286,286,194244,0.0,200.0,-465.9
9749,27.435,0.261,0.000,4.903,21.219,true,22.253,0.000,932,284,284,182740,0.0,200.0,-469.4
9786,37.000,0.639,0.000,5.928,24.139,true,30.412,0.000,938,282,282,181672,0.0,200.0,-470.8
9823,36.390,0.278,0.000,12.365,32.797,true,23.718,0.000,944,282,282,181446,0.0,200.0,-472.6
9855,32.212,1.567,0.000,8.482,22.589,true,22.133,0.000,950,289,289,182424,0.0,200.0,-474.5
9889,33.956,1.121,0.000,5.588,26.136,true,27.210,0.000,956,289,289,182424,0.0,200.0,-476.1
9927,38.382,0.416,0.000,9.088,29.297,true,28.852,0.000,962,286,286,180294,0.0,200.0,-477.8
9955,28.166,0.640,0.000,5.601,27.338,true,21.907,0.000,968,289,289,180300,0.0,200.0,-479.7
9988,32.965,0.320,0.000,5.630,24.183,true,26.998,0.000,974,290,290,181266,0.0,200.0,-481.1
10058,69.799,30.763,0.000,7.273,29.195,true,31.717,0.000,954,302,302,181290,0.0,200.0,-482.8
10095,36.397,0.326,0.000,12.875,35.199,true,23.098,0.000,960,300,300,170816,0.0,200.0,-486.3
10122,26.815,0.406,0.000,5.505,22.031,true,20.882,0.000,966,297,297,168728,0.0,200.0,-488.1
10155,32.912,0.466,0.000,6.376,23.145,true,26.042,0.000,972,297,297,168728,0.0,200.0,-489.4
10193,38.429,0.725,0.000,12.222,28.545,true,25.451,0.000,978,300,300,168734,0.0,200.0,-491.1
10220,26.821,0.325,0.000,5.790,24.538,true,20.684,0.000,984,298,298,167274,0.0,200.0,-493.0
10257,37.494,0.598,0.000,7.495,23.061,true,29.376,0.000,990,308,308,169994,0.0,200.0,-494.3
10293,35.661,0.357,0.000,6.944,32.845,true,28.328,0.000,996,310,310,171570,0.0,200.0,-496.2
10361,67.992,37.733,0.000,12.058,26.885,true,18.162,0.000,975,322,322,175914,0.0,200.0,-498.0
10388,26.456,0.863,0.000,5.235,17.446,true,20.340,0.000,981,321,321,175176,0.0,200.0,-501.4
10436,48.768,1.502,0.000,8.942,22.469,true,38.299,35.000,987,318,318,173012,0.0,200.0,-502.7
10476,39.389,1.062,0.000,7.614,37.986,true,30.688,0.000,993,318,318,173432,0.0,200.0,-505.2
10502,26.540,0.814,0.000,5.913,33.327,true,19.747,0.000,999,322,322,173440,0.0,200.0,-507.1
10528,25.699,0.314,0.000,5.379,22.343,true,19.974,0.000,1005,319,319,171906,0.0,200.0,-508.5
10590,61.564,0.512,0.000,8.355,22.339,true,52.671,0.000,1011,324,324,171360,0.0,200.0,-509.7
10616,26.203,0.413,0.000,6.084,57.004,true,19.686,0.000,1017,324,324,171360,0.0,200.0,-512.8
10681,65.021,38.771,0.000,7.647,22.368,true,18.570,0.000,995,325,325,172472,0.0,200.0,-514.1
10706,24.563,0.249,0.000,5.065,17.677,true,19.226,0.000,1001,323,323,171182,0.0,200.0,-517.4
10737,31.718,0.365,0.000,5.612,21.365,true,25.706,0.000,1007,320,320,169076,0.0,200.0,-518.6
10773,35.763,0.508,0.000,13.458,28.098,true,21.709,0.000,1013,320,320,169528,0.0,200.0,-520.2
10799,25.305,0.559,0.000,5.891,21.729,true,18.836,0.000,1019,324,324,169536,0.0,200.0,-522.0
10842,43.103,0.297,0.000,6.368,21.529,true,36.417,0.000,1025,323,323,169534,0.0,200.0,-523.3
10869,27.311,0.380,0.000,8.226,39.573,true,18.671,0.000,1031,325,325,168208,0.0,200.0,-525.4
10894,24.859,0.345,0.000,6.109,17.722,true,18.387,0.000,1037,324,324,167620,0.0,200.0,-526.8
10945,50.860,0.557,0.000,7.493,21.292,true,42.788,0.000,1043,325,325,168576,0.0,200.0,-528.0
11012,67.208,34.900,0.000,6.419,46.635,true,25.859,0.000,1021,325,325,168576,0.0,200.0,-530.6
11037,25.070,0.776,0.000,5.991,24.724,true,18.282,0.000,1027,324,324,168574,0.0,200.0,-533.9
11088,50.835,0.636,0.000,7.034,21.000,true,43.146,0.000,1033,330,330,167322,0.0,200.0,-535.2
11113,25.332,0.385,0.000,6.818,46.754,true,18.111,0.000,1039,329,329,166718,0.0,200.0,-537.7
11144,30.903,0.472,0.000,7.258,20.864,true,23.154,0.000,1045,329,329,166718,0.0,200.0,-539.0
11180,35.393,0.315,0.000,9.249,26.961,true,25.801,0.000,1051,327,327,165300,0.0,200.0,-540.5
11205,24.675,0.441,0.000,6.662,24.845,true,17.555,0.000,1057,327,327,164622,0.0,200.0,-542.3
11234,29.644,0.303,0.000,6.256,20.923,true,23.062,0.000,1063,329,329,165578,0.0,200.0,-543.6
11272,37.517,0.466,0.000,6.281,26.135,true,30.730,0.000,1069,341,341,165602,0.0,200.0,-545.0
11338,66.056,35.870,0.000,9.951,32.432,true,20.205,0.000,1046,341,341,165602,0.0,200.0,-546.9
11362,23.697,0.433,0.000,5.919,19.585,true,17.328,0.000,1052,346,346,164100,0.0,200.0,-550.2
11411,48.946,0.324,0.000,7.916,20.252,true,40.690,0.000,1058,343,343,162002,0.0,200.0,-551.4
11435,24.034,0.494,0.000,6.150,44.435,true,17.372,0.000,1064,343,343,162002,0.0,200.0,-553.9
11464,29.661,0.412,0.000,6.227,20.166,true,23.007,0.000,1070,343,343,162002,0.0,200.0,-555.1
11503,38.423,0.298,0.000,11.520,25.949,true,26.575,0.000,1076,340,340,160510,0.0,200.0,-556.5
11532,29.349,1.781,0.000,10.270,26.153,true,17.270,0.000,1082,352,352,160534,0.0,200.0,-558.5
11589,56.487,1.097,0.000,9.235,22.440,true,46.114,0.000,1088,360,360,161502,0.0,200.0,-559.9
11612,23.683,0.384,0.000,6.295,50.961,true,16.986,0.000,1094,360,360,161502,0.0,200.0,-562.8
11674,61.814,36.049,0.000,7.814,20.065,true,17.888,0.000,1071,360,360,160040,0.0,200.0,-563.9
11698,23.324,0.384,0.000,6.181,17.375,true,16.715,0.000,1077,358,358,158692,0.0,200.0,-567.0
11728,30.769,0.522,0.000,7.123,19.870,true,23.108,0.000,1083,358,358,157208,0.0,200.0,-568.2
11765,36.758,0.387,0.000,7.792,26.744,true,28.549,0.000,1089,358,358,157208,0.0,200.0,-569.7
11789,23.959,0.421,0.000,6.849,27.446,true,16.668,0.000,1095,358,358,156104,0.0,200.0,-571.6
11813,23.694,0.301,0.000,6.866,20.120,true,16.510,0.000,1101,354,354,154596,0.0,200.0,-572.8
11865,52.188,0.451,0.000,8.165,20.062,true,43.551,0.000,1107,361,361,153758,0.0,200.0,-574.0
11889,23.796,0.389,0.000,6.808,48.028,true,16.581,0.000,1113,361,361,153758,0.0,200.0,-576.6
11952,63.261,36.972,0.000,8.563,20.087,true,17.704,0.000,1089,362,362,154402,0.0,200.0,-577.8
11975,22.878,0.262,0.000,5.887,16.965,true,16.708,0.000,1095,361,361,153808,0.0,200.0,-580.9
12006,30.486,0.375,0.000,7.017,19.509,true,23.075,0.000,1101,358,358,151006,0.0,200.0,-582.1
12040,34.319,0.248,0.000,8.961,27.035,true,25.087,0.000,1107,358,358,149944,0.0,200.0,-583.6
12066,26.131,1.167,0.000,8.316,24.175,true,16.623,0.000,1113,361,361,149950,0.0,200.0,-585.3
12110,43.386,0.761,0.000,7.521,21.126,true,35.082,0.000,1119,363,363,149954,0.0,200.0,-586.6
12134,24.545,0.366,0.000,5.815,39.113,true,18.334,0.000,1125,363,363,148438,0.0,200.0,-588.8
12158,23.301,0.328,0.000,6.434,17.470,true,16.519,0.000,1131,360,360,147058,0.0,200.0,-590.0
12211,53.129,0.455,0.000,8.210,19.840,true,44.407,0.000,1137,360,360,147058,0.0,200.0,-591.2
12234,23.427,0.386,0.000,6.603,48.946,true,16.395,0.000,1143,361,361,147060,0.0,200.0,-593.9
12296,62.013,37.355,0.000,6.966,19.888,true,17.672,0.000,1119,371,371,146360,0.0,200.0,-595.0
12319,22.762,0.277,0.000,6.325,17.107,true,16.142,0.000,1125,370,370,145684,0.0,200.0,-598.1
12348,28.796,0.367,0.000,6.507,19.515,true,21.894,0.000,1131,370,370,142534,0.0,200.0,-599.3
12385,37.203,0.423,0.000,9.410,25.114,true,27.341,0.000,1137,370,370,142534,0.0,200.0,-600.7
12409,23.382,0.412,0.000,6.622,26.390,true,16.308,0.000,1143,370,370,142534,0.0,200.0,-602.6
12438,29.660,0.343,0.000,6.647,19.731,true,22.628,0.000,1149,368,368,141028,0.0,200.0,-603.7
12474,35.507,0.522,0.000,7.189,26.012,true,27.723,0.000,1155,375,375,140438,0.0,200.0,-605.2
12497,23.306,0.342,0.000,6.498,26.788,true,16.403,0.000,1161,375,375,139532,0.0,200.0,-607.0
12528,30.300,0.446,0.000,7.780,19.827,true,22.044,0.000,1167,388,388,139558,0.0,200.0,-608.2
12614,85.884,38.874,0.000,8.742,26.300,true,38.245,0.000,1142,388,388,139558,0.0,200.0,-609.7
12639,25.123,0.899,0.000,7.846,41.429,true,16.334,0.000,1148,391,391,138738,0.0,200.0,-614.0
12692,53.154,0.520,0.000,9.161,20.168,true,43.452,0.000,1154,391,391,135636,0.0,200.0,-615.2
12716,24.428,1.071,0.000,6.859,48.635,true,16.347,0.000,1160,390,390,134580,0.0,200.0,-617.9
12761,44.646,0.455,0.000,8.150,20.043,true,36.002,0.000,1166,388,388,133930,0.0,200.0,-619.1
12786,24.807,0.407,0.000,7.398,40.669,true,16.963,0.000,1172,388,388,132398,0.0,200.0,-621.4
12809,23.481,0.426,0.000,6.689,16.361,true,16.345,0.000,1178,391,391,131608,0.0,200.0,-622.6
12862,52.035,0.294,0.000,7.953,19.831,true,43.754,0.000,1184,392,392,131610,0.0,200.0,-623.8
12886,24.218,0.487,0.000,7.163,48.471,true,16.555,0.000,1190,392,392,131610,0.0,200.0,-626.4
12953,66.745,43.874,0.000,6.589,20.188,true,16.263,0.000,1164,390,390,130794,0.0,200.0,-627.6
13005,51.975,0.378,0.000,7.930,19.473,true,43.648,0.000,1170,392,392,129910,0.0,200.0,-630.9
13028,23.574,0.386,0.000,6.849,48.336,true,16.319,0.000,1176,390,390,127400,0.0,200.0,-633.5
13062,34.243,0.423,0.000,8.277,19.963,true,25.503,0.000,1182,388,388,126778,0.0,200.0,-634.7
13096,33.828,0.259,0.000,7.952,30.337,true,25.589,0.000,1188,386,386,125828,0.0,200.0,-636.4
13120,24.184,0.460,0.000,7.453,24.735,true,16.250,0.000,1194,389,389,124264,0.0,200.0,-638.1
13168,47.170,1.038,0.000,9.642,20.146,true,36.466,0.000,1200,390,390,124266,0.0,200.0,-639.3
13192,24.260,0.619,0.000,6.564,41.573,true,17.056,0.000,1206,392,392,124270,0.0,200.0,-641.7
13261,68.557,45.015,0.000,7.346,17.193,true,16.176,0.000,1180,391,391,124268,0.0,200.0,-642.9
13290,29.614,0.307,0.000,7.156,19.557,true,22.121,0.000,1186,390,390,123404,0.0,200.0,-646.3
13326,35.393,0.511,0.000,11.712,25.327,true,23.133,0.000,1192,392,392,120170,0.0,200.0,-647.8
13349,22.990,0.312,0.000,6.765,22.450,true,15.896,0.000,1198,392,392,120170,0.0,200.0,-649.6
13401,52.159,0.461,0.000,8.734,19.712,true,42.942,0.000,1204,395,395,119472,0.0,200.0,-650.7
13425,23.995,0.405,0.000,7.406,47.959,true,16.169,0.000,1210,393,393,118574,0.0,200.0,-653.4
13477,52.541,0.450,0.000,8.614,19.996,true,43.438,0.000,1216,391,391,115812,0.0,200.0,-654.6
13501,23.636,0.382,0.000,7.168,48.579,true,16.066,0.000,1222,392,392,115814,0.0,200.0,-657.2
13578,76.535,47.612,0.000,7.183,19.828,true,21.719,0.000,1195,403,403,115836,0.0,200.0,-658.4
13614,36.597,0.456,0.000,8.735,25.105,true,27.385,0.000,1201,402,402,115214,0.0,200.0,-662.2
13639,24.523,0.568,0.000,7.857,26.643,true,16.048,0.000,1207,406,406,112224,0.0,200.0,-664.0
13689,49.775,0.415,0.000,9.965,19.773,true,39.349,0.000,1213,405,405,112222,0.0,200.0,-665.3
13712,23.350,0.458,0.000,6.758,44.957,true,16.113,0.000,1219,405,405,112222,0.0,200.0,-667.7
13767,55.050,1.348,0.000,10.788,19.532,true,42.873,0.000,1225,400,400,108740,0.0,200.0,-668.9
13792,24.659,0.818,0.000,23.115,48.117,true,0.711,0.000,1231,404,404,108118,0.0,200.0,-671.7
13846,54.560,0.384,0.001,53.516,20.097,true,0.624,0.000,1237,410,410,108130,0.0,200.0,-672.9
13919,72.810,49.085,0.000,7.709,50.194,true,15.994,0.000,1209,415,415,108140,0.0,200.0,-675.6
13968,49.021,0.386,0.000,9.210,19.535,true,39.406,0.000,1215,412,412,106584,0.0,200.0,-679.3
13992,24.069,0.595,0.000,22.886,44.881,true,0.574,0.000,1221,418,418,105144,0.0,200.0,-681.7
14044,51.587,0.439,0.000,50.541,20.024,true,0.589,0.000,1227,416,416,104162,0.0,200.0,-682.9
14068,24.065,0.495,0.000,23.003,47.555,true,0.555,0.000,1233,414,414,103542,0.0,200.0,-685.5
14120,51.414,0.307,0.000,50.534,20.078,true,0.553,0.000,1239,412,412,101182,0.0,200.0,-686.7
14144,24.179,0.538,0.000,8.017,47.406,true,15.606,0.000,1245,417,417,101192,0.0,200.0,-689.3
14235,91.369,52.300,0.000,10.196,19.927,true,28.847,0.000,1217,416,416,101190,0.0,200.0,-690.5
14264,28.304,0.329,0.000,9.988,33.904,true,17.958,0.000,1223,414,414,100524,0.0,200.0,-695.1
14288,24.131,0.438,0.000,23.077,17.324,true,0.597,0.000,1229,418,418,97570,0.0,200.0,-696.5
14334,45.966,0.293,0.000,37.718,20.253,true,7.936,0.000,1235,417,417,97568,0.0,200.0,-697.7
14358,24.052,0.390,0.000,8.098,41.740,true,15.548,0.000,1241,416,416,96880,0.0,200.0,-700.0
14403,44.935,4.392,0.000,10.116,19.753,true,30.407,0.000,1247,411,411,93710,0.0,200.0,-701.2
14430,27.304,1.159,0.000,7.201,36.448,true,18.908,0.000,1253,412,412,93712,0.0,200.0,-703.4
14454,24.067,0.584,0.000,8.100,17.650,true,15.364,0.000,1259,417,417,93722,0.0,200.0,-704.8
14555,100.431,52.836,0.000,38.141,19.847,true,9.433,0.000,1231,417,417,93722,0.0,200.0,-706.0
14579,24.062,0.400,0.000,8.177,41.999,true,15.468,0.000,1237,417,417,93066,0.0,200.0,-711.0
14620,41.558,0.406,0.000,9.637,19.642,true,31.495,0.000,1243,415,415,90122,0.0,200.0,-712.2
14647,26.302,0.426,0.000,7.672,36.708,true,18.172,0.000,1249,417,417,90126,0.0,200.0,-714.3
14670,23.069,0.352,0.012,7.311,17.236,true,15.379,0.000,1255,416,416,89534,0.0,200.0,-715.6
14703,33.353,0.442,0.000,10.066,19.416,true,22.827,0.000,1261,416,416,86952,0.0,200.0,-716.8
14736,33.304,0.320,0.000,7.452,28.950,true,25.504,0.000,1267,416,416,85904,0.0,200.0,-718.4
14760,23.502,0.478,0.000,7.739,24.604,true,15.266,0.000,1273,417,417,85906,0.0,200.0,-720.1
14864,104.445,57.297,0.000,10.969,19.476,true,36.161,0.000,1244,417,417,85906,0.0,200.0,-721.3
14888,23.766,0.629,0.000,7.721,41.499,true,15.398,0.000,1250,420,420,85912,0.0,200.0,-726.3
14939,51.094,0.328,0.000,8.670,19.545,true,42.079,0.000,1256,416,416,81604,0.0,200.0,-727.5
14963,23.824,0.669,0.000,7.974,47.121,true,15.165,0.000,1262,422,422,81616,0.0,200.0,-730.0
14999,35.541,1.267,0.000,10.629,19.609,true,23.626,0.000,1268,420,420,80846,0.0,200.0,-731.2
15032,33.357,0.731,0.000,7.886,29.733,true,24.707,0.000,1274,416,416,78292,0.0,200.0,-733.0
15056,23.526,0.580,0.000,7.574,23.541,true,15.356,0.000,1280,417,417,77220,0.0,200.0,-734.7
15107,50.965,0.403,0.000,9.046,19.345,true,41.499,0.000,1286,418,418,77222,0.0,200.0,-735.8
15131,23.940,0.689,0.000,8.676,46.768,true,14.560,0.000,1292,430,430,77246,0.0,200.0,-738.4
15236,105.521,56.578,0.000,12.059,19.524,true,36.865,0.000,1263,427,427,76544,0.0,200.0,-739.6
15260,23.784,0.635,0.000,8.166,42.577,true,14.966,0.000,1269,434,434,75636,0.0,200.0,-744.6
15310,49.733,0.330,0.000,11.016,19.455,true,38.369,0.000,1275,432,432,72218,0.0,200.0,-745.8
15334,23.589,0.589,0.000,8.083,44.663,true,14.887,0.000,1281,437,437,71470,0.0,200.0,-748.3
15384,50.129,0.542,0.000,10.066,19.314,true,39.504,0.000,1287,432,432,68418,0.0,200.0,-749.4
15409,25.058,0.754,0.000,9.663,45.564,true,14.628,0.000,1293,433,433,68420,0.0,200.0,-752.0
15582,22.954,0.499,0.000,7.538,19.233,true,14.902,19.000,1299,434,434,68422,0.0,200.0,-757.0
15690,108.507,56.783,0.000,11.080,18.777,true,40.626,0.000,1270,431,431,64800,0.0,200.0,-758.1
15713,23.182,0.436,0.000,7.724,46.116,true,15.007,0.000,1276,431,431,64800,0.0,200.0,-763.1
15767,53.984,0.445,0.000,9.578,19.269,true,43.940,0.000,1282,430,430,61720,0.0,200.0,-764.3
15793,25.419,1.339,0.000,9.102,50.107,true,14.961,0.000,1288,429,429,60830,0.0,200.0,-767.0
15843,49.627,0.685,0.000,9.453,19.910,true,39.473,0.000,1294,434,434,60840,0.0,200.0,-768.2
15949,106.319,57.202,0.000,10.945,45.270,true,38.156,0.000,1264,434,434,60840,0.0,200.0,-770.7
15972,23.422,0.346,0.000,8.185,44.206,true,14.874,0.000,1270,431,431,60196,0.0,200.0,-775.7
16022,49.288,0.406,0.000,8.793,19.152,true,40.071,0.000,1276,434,434,57292,0.0,200.0,-776.9
16045,22.922,0.493,0.000,7.644,45.243,true,14.769,0.000,1282,433,433,57290,0.0,200.0,-779.4
16096,50.837,0.388,0.000,8.918,18.941,true,41.514,0.000,1288,432,432,54392,0.0,200.0,-780.5
16119,23.639,0.668,0.000,8.291,46.859,true,14.666,0.000,1294,431,431,53412,0.0,200.0,-783.1
16170,50.425,0.528,0.000,10.024,19.498,true,39.855,0.000,1300,433,433,53416,0.0,200.0,-784.2
16254,84.185,54.673,0.000,7.979,45.760,true,21.505,0.000,1270,434,434,53418,0.0,200.0,-786.8
16291,37.476,0.441,0.000,10.731,25.887,true,26.268,0.000,1276,431,431,52784,0.0,200.0,-791.0
16314,22.782,0.768,0.000,7.367,25.448,true,14.632,0.000,1282,435,435,49858,0.0,200.0,-792.8
16363,48.935,0.251,0.000,8.452,18.713,true,40.215,0.000,1288,433,433,49854,0.0,200.0,-794.0
16386,22.722,0.453,0.000,7.639,45.293,true,14.614,0.000,1294,435,435,49234,0.0,200.0,-796.4
16435,49.109,0.203,0.000,8.800,18.913,true,40.088,0.000,1300,430,430,45970,0.0,200.0,-797.6
16461,25.520,1.500,0.000,9.368,45.244,true,14.635,0.000,1306,432,432,45974,0.0,200.0,-800.0
16562,101.260,52.517,0.000,11.328,19.813,true,37.399,0.000,1275,434,434,45978,0.0,200.0,-801.3
16585,22.851,0.497,0.000,7.804,43.149,true,14.528,0.000,1281,437,437,45984,0.0,200.0,-806.3
16634,49.331,0.275,0.000,8.718,18.888,true,40.321,0.000,1287,433,433,42522,0.0,200.0,-807.5
16657,22.736,0.467,0.000,8.105,45.794,true,14.147,0.000,1293,438,438,42532,0.0,200.0,-809.9
16706,49.381,0.289,0.000,9.556,18.801,true,39.519,0.000,1299,436,436,42528,0.0,200.0,-811.1
16729,22.988,0.545,0.001,7.908,45.142,true,14.521,0.000,1305,432,432,41162,0.0,200.0,-813.5
16767,37.466,0.285,0.000,8.991,18.892,true,28.169,0.000,1311,432,432,40274,0.0,200.0,-814.7
16794,27.149,0.377,0.000,7.518,33.792,true,19.226,0.000,1317,435,435,40280,0.0,200.0,-816.6
16873,78.980,51.286,0.000,7.147,18.182,true,20.529,0.000,1286,435,435,40280,0.0,200.0,-817.9
16910,36.373,0.503,0.000,11.328,24.222,true,24.510,0.000,1292,435,435,39566,0.0,200.0,-821.9
16932,22.432,0.303,0.000,7.532,23.595,true,14.585,0.000,1298,434,434,36784,0.0,200.0,-823.7
16983,50.950,0.377,0.000,8.859,18.821,true,41.697,0.000,1304,438,438,36792,0.0,200.0,-824.8
17006,23.108,0.401,0.000,8.076,47.143,true,14.618,0.000,1310,437,437,36790,0.0,200.0,-827.4
17055,49.161,0.427,0.000,9.699,19.168,true,39.015,0.000,1316,433,433,36012,0.0,200.0,-828.5
17081,25.261,1.284,0.000,9.367,45.057,true,14.596,0.000,1322,433,433,35130,0.0,200.0,-831.0
17124,43.019,0.662,0.000,9.937,19.745,true,32.403,0.000,1328,435,435,35134,0.0,200.0,-832.2
17194,69.844,46.853,0.000,7.008,38.366,true,15.953,0.000,1297,439,439,35142,0.0,200.0,-834.4
17216,21.962,0.274,0.001,7.022,15.193,true,14.653,0.000,1303,436,436,34220,0.0,200.0,-837.9
17264,47.893,0.357,0.000,8.985,18.550,true,38.534,0.000,1309,441,441,31506,0.0,200.0,-839.0
17287,23.032,0.415,0.000,7.980,43.761,true,14.622,0.000,1315,440,440,31504,0.0,200.0,-841.4
17328,41.168,0.368,0.000,8.907,19.137,true,31.875,0.000,1321,441,441,31506,0.0,200.0,-842.5
17351,23.186,0.274,0.000,6.694,37.121,true,16.188,0.000,1327,441,441,31506,0.0,200.0,-844.6
17374,23.090,0.422,0.000,8.104,15.248,true,14.551,0.000,1333,437,437,29802,0.0,200.0,-845.8
17427,52.475,0.265,0.001,11.596,19.208,true,40.594,0.000,1339,438,438,29804,0.0,200.0,-846.9
17454,27.729,0.519,0.000,8.839,48.190,true,18.357,0.000,1345,448,448,29824,0.0,200.0,-849.5
17540,85.769,37.772,0.000,9.459,23.154,true,38.522,0.000,1310,447,447,29822,0.0,200.0,-850.9
17563,22.982,0.429,0.000,8.017,44.263,true,14.522,0.000,1316,448,448,28860,0.0,200.0,-855.2
17607,43.769,0.294,0.000,9.102,18.917,true,34.353,0.000,1322,446,446,26344,0.0,200.0,-856.4
17630,23.021,0.323,0.000,8.161,39.858,true,14.524,0.000,1328,449,449,26350,0.0,200.0,-858.6
17662,32.276,1.270,0.000,10.655,16.331,true,20.338,0.000,1334,451,451,26354,0.0,200.0,-859.7
17697,34.834,0.910,0.000,7.001,25.664,true,26.893,0.000,1340,448,448,25396,0.0,200.0,-861.3
17721,23.556,0.429,0.000,8.521,25.751,true,14.593,0.000,1346,448,448,24502,0.0,200.0,-863.1
17772,51.268,0.407,0.000,9.438,19.310,true,41.406,0.000,1351,449,449,24504,0.0,200.0,-864.2
17835,63.137,24.311,0.000,8.389,47.291,true,30.425,0.000,1314,451,451,24508,0.0,200.0,-866.8
17858,22.830,0.270,0.000,7.944,34.174,true,14.602,0.000,1320,448,448,23568,0.0,200.0,-870.0
17890,31.896,0.382,0.000,9.451,19.053,true,22.045,0.000,1326,452,452,21178,0.0,200.0,-871.1
17923,32.825,0.266,0.000,7.015,27.837,true,25.512,0.000,1332,450,450,21174,0.0,200.0,-872.7
17946,23.063,0.388,0.000,8.119,24.471,true,14.524,0.000,1338,452,452,21178,0.0,200.0,-874.3
17996,50.162,0.386,0.000,10.478,19.320,true,39.226,0.000,1344,452,452,21178,0.0,200.0,-875.5
18020,23.395,0.443,0.000,8.310,45.916,true,14.605,0.000,1350,449,449,20268,0.0,200.0,-878.0
18070,49.702,0.544,0.000,12.500,19.279,true,36.641,0.000,1355,451,451,19242,0.0,200.0,-879.2
18092,22.946,0.383,0.000,7.997,45.170,true,14.553,0.000,1355,452,452,19244,0.0,200.0,-881.7
18150,57.232,25.644,0.000,7.282,19.107,true,24.291,0.000,1318,451,451,19242,0.0,200.0,-882.8
18173,22.732,0.351,0.000,7.857,24.200,true,14.512,0.000,1324,449,449,18128,0.0,200.0,-885.7
18208,35.177,1.219,0.000,11.239,18.894,true,22.701,0.000,1330,453,453,15844,0.0,200.0,-886.8
18241,33.250,0.558,0.000,8.504,29.275,true,24.157,0.000,1336,455,455,15848,0.0,200.0,-888.6
18264,22.950,0.407,0.000,7.738,23.176,true,14.791,0.000,1342,453,453,15844,0.0,200.0,-890.2
18313,49.226,0.499,0.000,12.268,19.098,true,36.442,0.000,1348,453,453,15844,0.0,200.0,-891.4
18337,23.867,0.462,0.000,8.760,44.480,true,14.632,0.000,1354,450,450,15296,0.0,200.0,-893.9
18391,54.042,0.598,0.000,12.061,19.690,true,41.366,0.000,1359,452,452,14324,0.0,200.0,-895.1
18414,22.422,0.381,0.000,7.489,49.583,true,14.540,0.000,1359,453,453,14326,0.0,200.0,-897.8
18471,56.912,26.678,0.000,10.387,18.874,true,19.819,0.000,1321,451,451,14322,0.0,200.0,-898.9
18493,22.530,0.365,0.000,7.577,18.993,true,14.577,0.000,1327,450,450,13366,0.0,200.0,-901.7
18543,50.237,0.392,0.000,10.327,18.987,true,39.500,0.000,1333,454,454,11644,0.0,200.0,-902.9
18567,23.472,0.489,0.000,8.265,46.017,true,14.706,0.000,1339,453,453,11642,0.0,200.0,-905.4
18617,50.132,0.386,0.000,10.291,19.433,true,39.439,0.000,1345,455,455,11646,0.0,200.0,-906.5
18641,23.482,0.418,0.000,8.398,45.909,true,14.656,0.000,1351,454,454,11644,0.0,200.0,-909.0
18693,52.409,0.488,0.000,11.913,19.487,true,39.990,0.000,1357,451,451,9574,0.0,200.0,-910.2
18717,23.777,0.407,0.000,8.630,47.924,true,14.728,0.000,1362,452,452,9576,0.0,200.0,-912.8
18775,58.187,33.607,0.000,6.759,19.785,true,17.794,0.000,1324,454,454,9580,0.0,200.0,-914.0
18798,22.936,0.671,0.000,7.577,17.016,true,14.675,0.000,1330,453,453,8626,0.0,200.0,-916.9
18845,46.658,0.308,0.000,10.058,18.961,true,36.274,0.000,1336,451,451,7786,0.0,200.0,-918.1
18868,23.264,0.526,0.000,8.047,42.282,true,14.679,0.000,1342,456,456,7796,0.0,200.0,-920.4
18911,42.921,0.284,0.000,9.426,19.236,true,33.196,0.000,1348,454,454,7792,0.0,200.0,-921.6
18934,23.529,0.386,0.000,8.555,39.004,true,14.576,0.000,1354,454,454,7792,0.0,200.0,-923.7
18963,28.160,0.232,0.000,7.722,16.314,true,20.193,0.000,1360,451,451,6792,0.0,200.0,-924.9
18999,36.228,0.452,0.000,9.361,24.466,true,26.386,0.000,1365,453,453,5738,0.0,200.0,-926.3
19022,22.661,0.192,0.000,7.935,25.354,true,14.523,0.000,1365,454,454,5740,0.0,200.0,-928.1
19080,58.099,33.541,0.000,8.466,19.020,true,16.067,0.000,1326,454,454,5740,0.0,200.0,-929.3
19102,22.657,0.315,0.000,7.654,15.268,true,14.676,0.000,1332,452,452,5736,0.0,200.0,-932.2
19151,48.993,0.505,0.000,11.847,19.117,true,36.622,0.000,1338,455,455,4790,0.0,200.0,-933.3
19175,23.243,0.432,0.000,8.201,44.353,true,14.599,0.000,1344,453,453,4786,0.0,200.0,-935.8
19227,52.256,0.380,0.000,11.328,19.245,true,40.531,0.000,1350,456,456,4792,0.0,200.0,-936.9
19250,23.165,0.435,0.000,8.099,47.991,true,14.618,0.000,1356,455,455,4790,0.0,200.0,-939.5
19304,53.392,2.150,0.000,15.065,19.192,true,36.160,0.000,1362,451,451,3776,0.0,200.0,-940.7
19331,27.099,0.924,0.000,8.566,44.899,true,17.599,0.000,1367,452,452,2814,0.0,200.0,-943.4
19380,48.882,0.331,0.000,12.026,22.345,true,36.511,0.000,1367,454,454,2818,0.0,200.0,-944.7
19443,63.033,35.315,0.000,8.931,42.079,true,18.755,0.000,1328,454,454,2818,0.0,200.0,-947.2
19465,22.591,0.359,0.000,7.576,17.983,true,14.645,0.000,1334,450,450,2168,0.0,200.0,-950.3
19513,47.274,0.338,0.000,10.190,18.990,true,36.729,0.000,1340,453,453,2174,0.0,200.0,-951.5
19535,22.934,0.406,0.000,7.882,43.283,true,14.636,0.000,1346,452,452,2172,0.0,200.0,-953.8
19566,30.663,0.340,0.000,10.116,19.042,true,20.190,0.000,1352,454,454,2176,0.0,200.0,-955.0
19599,32.880,0.261,0.000,8.049,26.561,true,24.546,0.000,1358,452,452,1492,0.0,200.0,-956.5
19622,22.764,0.358,0.000,7.817,23.694,true,14.579,0.000,1364,450,450,1488,0.0,200.0,-958.1
19671,48.682,0.262,0.000,10.729,19.035,true,37.676,0.000,1369,452,452,1492,0.0,200.0,-959.3
19694,23.449,0.493,0.000,8.424,44.588,true,14.521,0.000,1369,454,454,1496,0.0,200.0,-961.7
19755,61.420,38.685,0.000,8.101,19.271,true,14.621,0.000,1330,452,452,1492,0.0,200.0,-962.9
19785,29.127,0.220,0.001,7.932,18.757,true,20.957,0.000,1336,450,450,1488,0.0,200.0,-966.0
19817,32.689,0.313,0.000,9.728,25.662,true,22.620,0.000,1342,451,451,1490,0.0,200.0,-967.4
19843,25.693,1.259,0.000,9.853,21.643,true,14.567,0.000,1348,455,455,1498,0.0,200.0,-969.1
19892,49.146,0.882,0.000,11.307,19.974,true,36.937,0.000,1354,455,455,1498,0.0,200.0,-970.3
19916,23.701,0.473,0.000,8.523,44.176,true,14.695,0.000,1360,454,454,1496,0.0,200.0,-972.8
19960,43.848,0.422,0.000,12.539,19.473,true,30.876,0.000,1366,451,451,902,0.0,200.0,-974.0
19982,22.415,0.289,0.000,7.118,38.380,true,14.981,0.000,1371,451,451,902,0.0,200.0,-976.2
20044,62.113,38.897,0.000,7.166,14.670,true,16.023,0.000,1332,454,454,908,0.0,200.0,-977.3
20067,22.243,0.198,0.000,7.404,15.158,true,14.630,0.000,1338,452,452,904,0.0,200.0,-980.4
20120,53.495,0.432,0.000,12.190,18.818,true,40.857,0.000,1344,455,455,910,0.0,200.0,-981.5
20144,23.380,0.424,0.000,8.227,47.662,true,14.718,0.000,1350,454,454,908,0.0,200.0,-984.2
20193,49.461,0.482,0.001,11.940,19.531,true,37.019,0.000,1356,455,455,910,0.0,200.0,-985.4
20223,29.895,0.412,0.000,8.744,45.223,true,20.727,0.000,1362,455,455,910,0.0,200.0,-987.8
20258,35.073,0.467,0.001,10.755,25.530,true,23.825,0.000,1368,451,451,902,0.0,200.0,-989.3
20281,22.854,0.336,0.000,7.954,22.786,true,14.554,0.000,1373,453,453,906,0.0,200.0,-991.1
20330,49.086,0.232,0.000,10.645,18.963,true,38.192,0.000,1373,454,454,908,0.0,200.0,-992.2
20397,66.630,44.123,0.000,7.907,44.909,true,14.589,0.000,1332,454,454,908,0.0,200.0,-994.7
20460,63.120,1.216,0.000,23.296,16.953,true,38.595,11.000,1338,450,450,900,0.0,200.0,-998.0
20483,23.304,0.796,0.000,7.875,44.840,true,14.621,0.000,1344,449,449,898,0.0,200.0,-1001.2
20530,46.212,0.466,0.000,10.023,19.076,true,35.707,0.000,1350,450,450,900,0.0,200.0,-1002.3
20553,23.013,0.433,0.001,7.776,41.782,true,14.792,0.000,1356,453,453,906,0.0,200.0,-1004.7
20588,35.771,0.213,0.001,8.866,19.099,true,26.676,0.000,1362,449,449,898,0.0,200.0,-1005.8
20616,27.144,0.434,0.000,8.403,32.017,true,18.279,0.000,1368,450,450,900,0.0,200.0,-1007.6
20639,23.016,0.327,0.000,8.011,17.432,true,14.666,0.000,1373,451,451,902,0.0,200.0,-1009.0
20735,95.925,47.372,0.000,9.315,19.362,true,39.221,0.000,1332,452,452,904,0.0,200.0,-1010.1
20757,22.228,0.384,0.000,7.410,44.641,true,14.422,0.000,1338,449,449,898,0.0,200.0,-1014.9
20808,51.557,0.442,0.000,11.495,18.422,true,39.600,0.000,1344,452,452,904,0.0,200.0,-1016.0
20831,22.986,0.383,0.000,7.810,47.177,true,14.783,0.000,1350,450,450,900,0.0,200.0,-1018.6
20881,49.144,0.349,0.000,11.347,19.073,true,37.428,0.000,1356,452,452,904,0.0,200.0,-1019.8
20904,23.065,0.384,0.000,7.949,45.015,true,14.721,0.000,1362,450,450,900,0.0,200.0,-1022.2
20956,52.170,0.333,0.001,11.390,19.210,true,40.430,0.000,1368,451,451,902,0.0,200.0,-1023.4
20986,30.259,0.475,0.000,8.871,48.026,true,20.889,0.000,1373,453,453,906,0.0,200.0,-1026.0
21073,86.544,52.342,0.000,10.971,25.818,true,23.200,0.000,1332,449,449,898,0.0,200.0,-1027.5
21096,23.205,0.966,0.000,7.146,22.387,true,15.083,0.000,1338,451,451,902,0.0,200.0,-1031.8
21148,52.280,0.387,0.000,12.322,18.869,true,39.552,0.000,1344,448,448,896,0.0,200.0,-1033.0
21172,23.343,0.471,0.000,8.082,46.957,true,14.768,0.000,1350,453,453,906,0.0,200.0,-1035.6
21203,31.755,0.240,0.000,11.259,19.247,true,20.239,0.000,1356,448,448,896,0.0,200.0,-1036.8
21241,37.429,0.442,0.000,8.079,27.563,true,28.878,0.000,1362,450,450,900,0.0,200.0,-1038.4
21268,26.807,0.311,0.000,7.914,27.442,true,18.570,0.000,1368,451,451,902,0.0,200.0,-1040.2
21361,93.521,50.448,0.000,9.446,22.899,true,33.610,0.000,1332,453,453,906,0.0,200.0,-1041.6
21388,27.176,0.311,0.000,8.328,37.698,true,18.525,0.000,1338,451,451,902,0.0,200.0,-1046.2
21435,46.166,0.427,0.000,10.797,22.489,true,34.919,0.000,1344,451,451,902,0.0,200.0,-1047.6
21458,23.235,0.388,0.000,7.913,38.546,true,14.923,0.000,1350,454,454,908,0.0,200.0,-1049.9
21490,32.361,0.322,0.000,11.138,19.276,true,20.877,0.000,1356,452,452,904,0.0,200.0,-1051.1
21526,35.307,0.481,0.000,6.526,28.087,true,28.275,0.000,1362,449,449,898,0.0,200.0,-1052.7
21553,27.495,0.310,0.000,8.020,27.843,true,19.155,0.000,1368,449,449,898,0.0,200.0,-1054.5
21596,43.253,0.346,0.000,8.622,23.661,true,34.270,0.000,1373,451,451,902,0.0,200.0,-1055.8
21630,33.924,1.705,0.000,11.098,38.449,true,21.110,0.000,1373,453,453,906,0.0,200.0,-1058.0
21714,83.756,53.366,0.000,10.293,27.529,true,20.070,0.000,1332,449,449,898,0.0,200.0,-1059.7
21737,22.326,0.303,0.000,7.354,19.045,true,14.656,0.000,1338,447,447,894,0.0,200.0,-1063.9
21771,34.534,0.229,0.000,9.181,18.789,true,25.109,0.000,1344,448,448,896,0.0,200.0,-1065.0
21801,29.956,0.289,0.000,6.389,30.551,true,23.245,0.000,1350,452,452,904,0.0,200.0,-1066.7
21823,22.164,0.251,0.001,7.083,22.276,true,14.818,0.000,1356,451,451,902,0.0,200.0,-1068.2
21875,51.395,0.339,0.000,9.623,18.558,true,41.416,0.000,1362,450,450,900,0.0,200.0,-1069.3
21901,26.487,0.406,0.001,7.673,47.296,true,18.397,0.000,1368,451,451,902,0.0,200.0,-1071.9
21947,46.269,0.392,0.000,11.017,22.353,true,34.845,0.000,1373,454,454,908,0.0,200.0,-1073.2
22041,93.255,57.154,0.000,10.502,38.415,true,25.586,0.000,1332,452,452,904,0.0,200.0,-1075.6
22067,26.167,0.257,0.000,7.676,32.157,true,18.207,0.000,1338,449,449,898,0.0,200.0,-1080.2
22090,23.024,0.419,0.000,7.967,17.223,true,14.627,0.000,1344,451,451,902,0.0,200.0,-1081.5
22136,46.255,0.286,0.000,9.855,19.133,true,36.096,0.000,1350,451,451,902,0.0,200.0,-1082.7
22160,23.307,0.473,0.000,8.191,42.088,true,14.633,0.000,1356,454,454,908,0.0,200.0,-1085.0
22190,30.736,0.299,0.000,9.541,19.214,true,20.879,0.000,1362,452,452,904,0.0,200.0,-1086.2
22223,32.744,1.171,0.000,8.854,26.627,true,22.686,0.000,1368,453,453,906,0.0,200.0,-1087.7
22251,27.383,0.723,0.000,8.381,21.796,true,18.268,0.000,1373,453,453,906,0.0,200.0,-1089.3
22343,92.432,58.095,0.000,9.356,22.956,true,24.952,0.000,1332,453,453,906,0.0,200.0,-1090.7
22365,22.393,0.228,0.000,7.548,23.968,true,14.606,0.000,1338,451,451,902,0.0,200.0,-1095.3
22416,50.058,0.396,0.000,9.314,18.731,true,40.329,0.000,1344,453,453,906,0.0,200.0,-1096.4
22439,22.972,0.401,0.000,7.898,45.800,true,14.662,0.000,1350,452,452,904,0.0,200.0,-1099.0
22488,49.185,0.427,0.000,11.424,19.128,true,37.316,0.000,1356,453,453,906,0.0,200.0,-1100.1
22511,23.117,0.417,0.000,8.151,44.891,true,14.535,0.000,1362,451,451,902,0.0,200.0,-1102.6
22557,46.032,0.337,0.000,10.026,19.105,true,35.653,0.000,1368,453,453,906,0.0,200.0,-1103.7
22580,23.365,0.370,0.000,8.337,41.801,true,14.647,0.000,1373,453,453,906,0.0,200.0,-1106.0
22685,105.133,63.328,0.001,9.455,19.356,true,32.331,0.000,1332,451,451,902,0.0,200.0,-1107.2
22708,22.693,0.297,0.001,7.716,36.336,true,14.668,0.000,1338,451,451,902,0.0,200.0,-1112.2
22755,47.232,0.342,0.000,10.433,19.038,true,36.441,0.000,1344,452,452,904,0.0,200.0,-1113.3
22779,23.326,0.391,0.001,8.138,42.863,true,14.784,0.000,1350,452,452,904,0.0,200.0,-1115.7
22809,29.909,0.343,0.000,9.713,19.228,true,19.838,0.000,1356,452,452,904,0.0,200.0,-1116.9
22843,33.948,1.150,0.000,8.554,25.668,true,24.227,0.000,1362,452,452,904,0.0,200.0,-1118.4
22873,29.942,0.730,0.000,8.552,24.157,true,20.649,0.000,1368,453,453,906,0.0,200.0,-1120.1
22959,85.883,63.430,0.000,7.881,25.411,true,14.553,0.000,1332,455,455,910,0.0,200.0,-1121.6
22988,28.862,0.352,0.000,8.340,17.114,true,20.145,0.000,1338,453,453,906,0.0,200.0,-1125.8
23024,36.207,0.507,0.001,7.930,24.417,true,27.727,0.000,1344,452,452,904,0.0,200.0,-1127.3
23047,22.757,0.407,0.000,7.612,29.265,true,14.729,0.000,1350,456,456,912,0.0,200.0,-1129.1
23096,49.309,0.281,0.000,12.187,19.052,true,36.829,0.000,1356,455,455,910,0.0,200.0,-1130.2
23119,23.456,0.465,0.000,8.338,45.035,true,14.644,0.000,1362,455,455,910,0.0,200.0,-1132.7
23169,49.241,0.243,0.001,12.360,19.427,true,36.624,0.000,1368,451,451,902,0.0,200.0,-1133.9
23192,23.604,0.458,0.000,8.534,45.072,true,14.603,0.000,1373,454,454,908,0.0,200.0,-1136.3
23297,104.807,69.745,0.001,8.013,19.519,true,27.038,0.000,1332,455,455,910,0.0,200.0,-1137.5
23319,22.362,0.270,0.001,7.492,28.086,true,14.591,0.000,1338,453,453,906,0.0,200.0,-1142.5
23367,47.133,0.341,0.000,10.940,18.811,true,35.838,0.000,1344,454,454,908,0.0,200.0,-1143.6
23390,23.216,0.387,0.001,8.120,42.689,true,14.699,0.000,1350,453,453,906,0.0,200.0,-1146.0
23428,38.361,0.360,0.000,9.833,19.042,true,28.156,0.000,1356,455,455,910,0.0,200.0,-1147.2
23454,25.829,1.145,0.000,9.366,34.152,true,15.307,0.000,1362,451,451,902,0.0,200.0,-1149.1
23482,27.388,0.776,0.000,7.981,16.335,true,18.622,0.000,1368,452,452,904,0.0,200.0,-1150.4
23526,44.761,0.471,0.000,10.232,23.057,true,34.046,0.000,1373,455,455,910,0.0,200.0,-1151.7
23549,22.812,0.255,0.000,8.052,37.489,true,14.496,0.000,1373,455,455,910,0.0,200.0,-1154.0
23653,104.222,71.084,0.000,10.434,19.171,true,22.681,0.000,1332,451,451,902,0.0,200.0,-1155.1
23676,22.341,0.258,0.000,7.421,21.891,true,14.652,0.000,1338,451,451,902,0.0,200.0,-1160.1
23707,31.553,0.372,0.000,9.776,18.829,true,21.392,0.000,1344,452,452,904,0.0,200.0,-1161.2
23740,32.584,0.282,0.000,7.522,27.405,true,24.757,0.000,1350,452,452,904,0.0,200.0,-1162.8
23763,23.335,0.402,0.000,8.352,23.825,true,14.572,0.000,1356,453,453,906,0.0,200.0,-1164.5
23811,47.950,0.324,0.001,12.159,19.474,true,35.455,0.000,1362,451,451,902,0.0,200.0,-1165.6
23835,23.610,0.485,0.000,8.448,43.453,true,14.667,0.000,1368,452,452,904,0.0,200.0,-1168.0
23940,105.175,74.307,0.000,11.227,19.412,true,19.617,0.000,1332,453,453,906,0.0,200.0,-1169.2
23963,22.827,0.440,0.000,7.716,18.909,true,14.662,0.000,1338,456,456,912,0.0,200.0,-1174.2
24011,47.887,0.242,0.001,12.116,19.046,true,35.513,0.000,1344,451,451,902,0.0,200.0,-1175.3
24034,22.986,0.485,0.001,7.800,43.673,true,14.690,0.000,1350,456,456,912,0.0,200.0,-1177.7
24071,37.304,1.234,0.000,12.369,18.887,true,23.691,0.000,1356,454,454,908,0.0,200.0,-1178.9
24099,28.216,0.635,0.000,6.598,30.762,true,20.960,0.000,1362,453,453,906,0.0,200.0,-1180.8
24122,22.826,0.391,0.000,7.932,20.109,true,14.488,0.000,1368,451,451,902,0.0,200.0,-1182.2
24170,48.141,0.325,0.000,12.085,19.236,true,35.719,0.000,1373,453,453,906,0.0,200.0,-1183.3
24194,23.548,0.471,0.000,8.398,43.936,true,14.670,0.000,1373,455,455,910,0.0,200.0,-1185.7
24299,104.625,72.962,0.000,8.817,19.330,true,22.826,0.000,1332,453,453,906,0.0,200.0,-1186.9
24321,22.474,0.287,0.000,7.437,22.054,true,14.742,0.000,1338,451,451,902,0.0,200.0,-1191.9
24369,48.365,0.251,0.001,12.042,18.883,true,36.059,0.000,1344,449,449,898,0.0,200.0,-1193.0
24393,23.704,0.504,0.001,8.502,43.970,true,14.689,0.000,1350,455,455,910,0.0,200.0,-1195.4
24442,48.665,0.197,0.000,12.255,18.789,true,36.199,0.000,1356,450,450,900,0.0,200.0,-1196.6
24465,23.431,0.480,0.000,8.365,44.294,true,14.576,0.000,1362,451,451,902,0.0,200.0,-1199.1
24495,30.076,0.284,0.001,10.059,19.267,true,19.720,0.000,1368,453,453,906,0.0,200.0,-1200.2
24618,122.707,73.479,0.000,9.841,26.066,true,39.374,0.000,1332,454,454,908,0.0,200.0,-1201.7
24641,23.088,0.438,0.000,8.105,45.410,true,14.536,0.000,1338,455,455,910,0.0,200.0,-1206.7
24690,48.372,0.219,0.000,12.243,19.138,true,35.895,0.000,1344,451,451,902,0.0,200.0,-1207.9
24716,26.008,1.383,0.000,9.892,43.974,true,14.726,0.000,1350,455,455,910,0.0,200.0,-1210.3
24763,47.277,0.729,0.000,10.116,19.999,true,36.419,0.000,1356,455,455,910,0.0,200.0,-1211.6
24786,23.200,0.424,0.000,8.158,42.522,true,14.608,0.000,1362,451,451,902,0.0,200.0,-1214.0
24835,48.372,0.212,0.001,11.071,19.045,true,37.075,0.000,1368,451,451,902,0.0,200.0,-1215.1
24858,23.636,0.475,0.001,8.471,43.956,true,14.680,0.000,1373,454,454,908,0.0,200.0,-1217.6
24963,104.525,74.645,0.000,11.123,19.452,true,18.736,0.000,1332,452,452,904,0.0,200.0,-1218.7
24985,22.282,0.260,0.000,7.332,17.857,true,14.681,0.000,1338,450,450,900,0.0,200.0,-1223.7
25035,49.867,0.345,0.000,12.071,18.625,true,37.439,0.000,1344,453,453,906,0.0,200.0,-1224.9
25058,22.909,0.415,0.000,7.822,44.749,true,14.661,0.000,1350,452,452,904,0.0,200.0,-1227.3
25096,37.927,0.284,0.000,12.371,18.899,true,25.261,0.000,1356,450,450,900,0.0,200.0,-1228.5
25123,26.875,0.295,0.000,6.747,33.525,true,19.810,0.000,1362,451,451,902,0.0,200.0,-1230.4
25146,23.140,0.372,0.000,8.148,19.495,true,14.611,0.000,1368,453,453,906,0.0,200.0,-1231.7
25185,38.948,0.329,0.000,12.070,19.326,true,26.537,0.000,1373,453,453,906,0.0,200.0,-1232.9
25311,125.727,87.707,0.000,7.838,34.745,true,30.173,14.000,1332,454,454,908,0.0,200.0,-1234.8
25333,22.237,0.181,0.000,7.475,31.839,true,14.572,0.000,1338,451,451,902,0.0,200.0,-1239.8
25383,50.451,1.364,0.000,13.155,18.698,true,35.922,0.000,1344,453,453,906,0.0,200.0,-1241.0
25408,24.301,0.938,0.000,8.721,44.021,true,14.633,0.000,1350,453,453,906,0.0,200.0,-1243.5
25456,48.091,0.304,0.001,12.204,19.642,true,35.565,0.000,1356,449,449,898,0.0,200.0,-1244.7
25479,23.590,0.430,0.000,8.479,43.694,true,14.672,0.000,1362,450,450,900,0.0,200.0,-1247.1
25515,35.956,0.247,0.000,9.746,19.437,true,25.950,0.000,1368,452,452,1534,0.0,200.0,-1248.3
25634,118.830,71.109,0.000,11.779,32.000,true,35.929,0.000,1332,452,452,1534,0.0,200.0,-1250.1
25657,23.299,0.425,0.000,8.238,41.602,true,14.627,0.000,1338,453,453,1536,0.0,200.0,-1255.1
25696,38.124,0.188,0.000,9.226,19.250,true,28.699,0.000,1344,449,449,1528,0.0,200.0,-1256.2
25722,26.478,0.379,0.000,8.057,34.208,true,18.020,0.000,1350,451,451,1532,0.0,200.0,-1258.2
25751,28.947,0.360,0.000,9.172,17.151,true,19.405,0.000,1356,454,454,1538,0.0,200.0,-1259.5
25787,36.188,0.372,0.000,9.374,24.121,true,26.419,0.000,1362,451,451,1532,0.0,200.0,-1260.9
25810,22.869,0.359,0.000,7.943,25.544,true,14.558,0.000,1368,451,451,1532,0.0,200.0,-1262.7
25858,47.790,0.208,0.000,12.388,19.170,true,35.182,0.000,1373,452,452,2120,0.0,200.0,-1263.9
25882,23.603,0.360,0.001,8.626,43.600,true,14.608,0.000,1373,454,454,2124,0.0,200.0,-1266.3
25987,105.132,74.695,0.000,10.689,19.563,true,19.726,0.000,1332,450,450,2116,0.0,200.0,-1267.4
26012,25.036,1.082,0.000,9.347,18.880,true,14.599,0.000,1338,449,449,2114,0.0,200.0,-1272.4
26061,49.131,0.723,0.001,12.071,19.694,true,36.323,0.000,1344,448,448,2112,0.0,200.0,-1273.7
26084,23.210,0.523,0.000,8.080,44.361,true,14.595,0.000,1350,453,453,3680,0.0,200.0,-1276.2
26131,46.298,0.238,0.001,10.585,19.042,true,35.458,0.000,1356,448,448,3670,0.0,200.0,-1277.3
26154,23.269,0.486,0.000,8.129,41.766,true,14.645,0.000,1362,451,451,3676,0.0,200.0,-1279.6
26183,29.233,0.197,0.000,10.188,19.165,true,18.835,0.000,1368,452,452,4276,0.0,200.0,-1280.8
26281,98.324,70.012,0.000,7.531,25.119,true,20.772,0.000,1332,454,454,4280,0.0,200.0,-1282.3
26315,33.761,0.377,0.000,12.506,24.713,true,20.855,0.000,1338,450,450,4272,0.0,200.0,-1287.2
26338,22.967,0.372,0.000,7.985,20.531,true,14.601,0.000,1344,452,452,4276,0.0,200.0,-1288.9
26387,48.969,0.209,0.000,12.170,19.263,true,36.576,0.000,1350,451,451,4274,0.0,200.0,-1290.0
26410,23.070,0.447,0.000,8.082,44.869,true,14.532,0.000,1356,454,454,4280,0.0,200.0,-1292.5
26459,48.875,0.308,0.000,12.070,19.182,true,36.484,0.000,1362,450,450,4272,0.0,200.0,-1293.6
26486,27.191,0.402,0.000,7.936,44.743,true,18.843,0.000,1368,451,451,4274,0.0,200.0,-1296.1
26578,92.040,64.728,0.000,8.549,23.159,true,18.742,0.000,1332,452,452,5038,0.0,200.0,-1297.4
26602,23.382,0.361,0.000,8.454,17.895,true,14.556,0.000,1338,455,455,5044,0.0,200.0,-1302.0
26653,51.255,1.390,0.000,15.108,18.893,true,34.744,0.000,1344,451,451,5036,0.0,200.0,-1303.2
26677,23.828,0.837,0.000,7.958,42.409,true,15.025,0.000,1350,452,452,6062,0.0,200.0,-1305.8
26725,48.018,0.450,0.000,11.933,19.621,true,35.623,0.000,1356,454,454,6066,0.0,200.0,-1307.0
26752,26.694,0.464,0.000,8.114,42.500,true,18.107,0.000,1362,452,452,6062,0.0,200.0,-1309.4
26798,46.370,0.317,0.000,11.589,22.138,true,34.452,0.000,1368,451,451,6060,0.0,200.0,-1310.7
26821,23.247,0.313,0.000,8.369,39.472,true,14.556,0.000,1373,454,454,6812,0.0,200.0,-1313.0
26927,105.557,64.910,0.000,9.802,19.324,true,30.836,0.000,1332,453,453,6810,0.0,200.0,-1314.2
26949,22.541,0.269,0.000,7.611,34.800,true,14.653,0.000,1338,450,450,6804,0.0,200.0,-1319.2
26998,48.476,0.352,0.001,12.129,18.959,true,35.982,0.000,1344,451,451,6806,0.0,200.0,-1320.3
27022,23.660,0.410,0.000,8.526,44.071,true,14.715,0.000,1350,451,451,6806,0.0,200.0,-1322.7
27060,38.282,0.382,0.000,12.464,19.335,true,25.419,0.000,1356,452,452,6808,0.0,200.0,-1323.9
27087,26.691,0.282,0.000,7.832,33.811,true,18.555,0.000,1362,451,451,6806,0.0,200.0,-1325.8
27111,23.963,0.391,0.000,8.635,17.704,true,14.927,0.000,1368,451,451,6806,0.0,200.0,-1327.2
27150,39.072,0.357,0.000,12.672,19.980,true,26.029,0.000,1373,452,452,7414,0.0,200.0,-1328.4
27242,92.397,63.848,0.000,8.015,33.220,true,20.524,0.000,1332,454,454,7418,0.0,200.0,-1330.3
27276,33.818,1.071,0.000,9.824,24.722,true,22.913,0.000,1338,450,450,7410,0.0,200.0,-1334.9
27300,24.122,0.761,0.000,8.288,25.028,true,15.064,0.000,1344,450,450,8434,0.0,200.0,-1336.6
27348,47.601,0.460,0.000,11.902,19.929,true,35.225,0.000,1350,454,454,8442,0.0,200.0,-1337.8
27371,23.040,0.367,0.000,8.154,42.073,true,14.509,0.000,1356,453,453,8440,0.0,200.0,-1340.2
27413,42.550,0.412,0.000,13.249,19.210,true,28.869,0.000,1362,450,450,8434,0.0,200.0,-1341.4
27436,22.606,0.277,0.000,7.033,35.625,true,15.282,0.000,1368,451,451,8436,0.0,200.0,-1343.5
27465,28.576,0.353,0.000,8.164,15.201,true,20.051,0.000,1373,454,454,9032,0.0,200.0,-1344.6
27549,84.297,54.889,0.000,7.637,24.647,true,21.748,0.000,1332,454,454,9032,0.0,200.0,-1346.1
27571,22.526,0.269,0.000,7.587,20.794,true,14.662,0.000,1338,450,450,9024,0.0,200.0,-1350.3
27613,41.445,0.267,0.001,9.225,18.822,true,31.940,0.000,1344,451,451,9026,0.0,200.0,-1351.4
27636,22.692,0.291,0.000,6.866,37.446,true,15.522,0.000,1350,452,452,9028,0.0,200.0,-1353.5
27659,23.571,0.371,0.000,8.375,15.252,true,14.816,0.000,1356,454,454,9032,0.0,200.0,-1354.6
27709,50.087,0.364,0.000,12.632,19.733,true,37.075,0.000,1362,453,453,9030,0.0,200.0,-1355.8
27738,28.616,0.441,0.000,9.532,44.237,true,18.618,0.000,1368,451,451,9026,0.0,200.0,-1358.3
27782,44.525,0.304,0.000,10.150,23.107,true,34.057,0.000,1373,452,452,9668,0.0,200.0,-1359.7
27817,34.121,1.663,0.000,11.272,38.051,true,21.173,0.000,1373,448,448,6960,0.0,200.0,-1362.0
27899,81.934,46.915,0.001,11.111,27.796,true,23.894,0.000,1332,450,450,15316,0.0,200.0,-1363.7
27922,23.021,0.373,0.000,7.943,26.201,true,14.697,0.000,1338,448,448,15312,0.0,200.0,-1367.8
27972,50.778,0.296,0.000,12.317,19.164,true,38.150,0.000,1344,451,451,15318,0.0,200.0,-1368.9
27996,23.242,0.450,0.000,8.121,46.684,true,14.663,0.000,1350,454,454,15324,0.0,200.0,-1371.4
28045,48.941,0.195,0.000,12.219,19.114,true,36.512,0.000,1356,449,449,15314,0.0,200.0,-1372.6
28068,23.140,0.450,0.000,8.039,44.913,true,14.642,0.000,1362,450,450,15316,0.0,200.0,-1375.1
28117,48.858,0.323,0.000,12.465,19.118,true,36.054,0.000,1368,452,452,15978,0.0,200.0,-1376.2
28172,54.976,31.474,0.000,6.522,44.604,true,16.955,0.000,1332,454,454,15982,0.0,200.0,-1378.7
28196,24.299,0.161,0.000,6.770,16.050,true,17.345,0.000,1338,450,450,15974,0.0,200.0,-1381.4
28219,23.133,0.377,0.000,7.874,16.398,true,14.872,0.000,1344,453,453,15980,0.0,200.0,-1382.6
28270,50.808,0.413,0.000,15.082,19.363,true,35.299,0.000,1350,453,453,15980,0.0,200.0,-1383.8
28300,29.794,0.493,0.000,8.560,43.404,true,20.733,0.000,1356,456,456,15986,0.0,200.0,-1386.3
28334,34.457,0.434,0.000,7.095,25.395,true,26.905,0.000,1362,454,454,15982,0.0,200.0,-1387.8
28357,23.010,0.286,0.000,8.107,25.819,true,14.603,0.000,1368,451,451,15976,0.0,200.0,-1389.5
28411,53.907,1.415,0.000,16.422,19.224,true,36.056,0.000,1373,449,449,13764,0.0,200.0,-1390.7
28435,23.887,0.837,0.000,8.248,46.937,true,14.791,0.000,1373,454,454,17640,0.0,200.0,-1393.4
28487,51.480,28.752,0.000,6.524,19.279,true,16.191,0.000,1332,452,452,17636,0.0,200.0,-1394.6
28509,22.333,0.175,0.000,7.439,16.071,true,14.709,0.000,1338,450,450,17632,0.0,200.0,-1397.2
28538,29.240,0.452,0.000,8.614,16.902,true,20.163,0.000,1344,452,452,17636,0.0,200.0,-1398.3
28575,36.434,0.408,0.001,10.520,25.163,true,25.480,0.000,1350,454,454,17640,0.0,200.0,-1399.7
28597,22.377,0.350,0.000,7.485,24.569,true,14.531,0.000,1356,455,455,17642,0.0,200.0,-1401.6
28647,50.160,0.327,0.000,13.781,18.571,true,36.038,0.000,1362,454,454,17640,0.0,200.0,-1402.7
28674,26.999,0.400,0.000,8.594,44.898,true,17.994,0.000,1368,453,453,17638,0.0,200.0,-1405.2
28721,46.651,0.376,0.000,12.165,22.374,true,34.094,0.000,1373,451,451,17634,0.0,200.0,-1406.5
28744,23.364,0.235,0.000,8.418,39.186,true,14.697,0.000,1373,454,454,18616,0.0,200.0,-1408.9
28801,56.903,33.610,0.000,7.262,19.532,true,16.006,0.000,1332,454,454,18616,0.0,200.0,-1410.0
28830,28.555,0.221,0.000,7.419,15.178,true,20.898,0.000,1338,450,450,18608,0.0,200.0,-1412.9
28865,34.814,0.412,0.000,12.584,24.927,true,21.795,0.000,1344,451,451,18610,0.0,200.0,-1414.3
28888,22.956,0.283,0.001,8.012,21.361,true,14.649,0.000,1350,455,455,18618,0.0,200.0,-1416.1
28940,52.698,1.194,0.000,15.097,19.140,true,36.391,0.000,1356,452,452,16080,0.0,200.0,-1417.2
28964,23.608,0.805,0.000,8.261,45.174,true,14.531,0.000,1362,455,455,19642,0.0,200.0,-1419.8
29013,48.642,0.334,0.000,12.463,19.250,true,35.829,0.000,1368,451,451,19634,0.0,200.0,-1421.0
29036,23.186,0.379,0.001,8.265,44.093,true,14.530,0.000,1373,451,451,19634,0.0,200.0,-1423.5
29085,49.414,0.298,0.000,11.647,19.226,true,37.446,0.000,1373,454,454,20368,0.0,200.0,-1424.6
29148,63.120,37.870,0.000,6.533,45.396,true,18.693,0.000,1332,454,454,20368,0.0,200.0,-1427.1
29170,22.072,0.171,0.000,7.326,17.818,true,14.563,0.000,1338,450,450,20360,0.0,200.0,-1430.2
29220,49.820,0.248,0.001,11.839,18.651,true,37.719,0.000,1344,453,453,20366,0.0,200.0,-1431.3
29243,22.972,0.435,0.000,7.904,44.822,true,14.622,0.000,1350,455,455,20370,0.0,200.0,-1433.8
29292,49.189,0.216,0.002,12.301,19.016,true,36.655,0.000,1356,453,453,20366,0.0,200.0,-1435.0
29316,23.250,0.448,0.000,8.233,44.826,true,14.558,0.000,1362,451,451,20362,0.0,200.0,-1437.4
29359,42.868,0.185,0.000,12.087,19.131,true,30.583,0.000,1368,451,451,20362,0.0,200.0,-1438.6
29381,22.539,0.294,0.000,6.775,38.708,true,15.456,0.000,1373,452,452,21322,0.0,200.0,-1440.8
29444,62.454,37.421,0.000,9.053,15.240,true,15.956,0.000,1332,454,454,21326,0.0,200.0,-1441.9
29466,22.222,0.267,0.000,7.321,15.161,true,14.624,0.000,1338,450,450,21318,0.0,200.0,-1445.0
29528,61.696,10.872,0.000,15.907,18.683,true,34.904,9.000,1344,451,451,19100,0.0,200.0,-1446.1
29558,30.096,0.812,0.000,8.570,41.949,true,20.704,0.000,1350,456,456,22426,0.0,200.0,-1449.2
29592,33.895,0.351,0.000,11.075,25.446,true,22.445,0.000,1356,454,454,22422,0.0,200.0,-1450.7
29761,46.095,0.494,0.000,11.036,21.589,true,34.541,7.000,1362,452,452,22418,0.0,200.0,-1455.7
29784,23.051,0.360,0.000,8.000,40.427,true,14.678,0.000,1368,452,452,23572,0.0,200.0,-1458.0
29847,63.405,41.069,0.000,7.629,19.150,true,14.697,0.000,1332,450,450,23568,0.0,200.0,-1459.2
29889,41.802,0.178,0.001,8.710,18.757,true,32.898,0.000,1338,450,450,23568,0.0,200.0,-1462.3
29912,22.705,0.279,0.000,6.842,38.034,true,15.557,0.000,1344,450,450,23568,0.0,200.0,-1464.4
29941,29.375,0.397,0.000,8.062,14.582,true,20.903,0.000,1350,454,454,23576,0.0,200.0,-1465.6
29977,35.777,0.322,0.000,7.023,25.206,true,28.412,0.000,1356,453,453,23574,0.0,200.0,-1467.0
30000,22.835,0.346,0.000,7.892,27.661,true,14.588,0.000,1362,451,451,23570,0.0,200.0,-1468.8
30043,43.125,0.227,0.000,12.343,19.209,true,30.540,0.000,1368,451,451,23570,0.0,200.0,-1470.0
30066,22.469,0.277,0.000,6.798,38.830,true,15.379,0.000,1373,451,451,23570,0.0,200.0,-1472.1
30132,66.721,44.097,0.000,7.895,15.258,true,14.720,0.000,1332,454,454,24316,0.0,200.0,-1473.3
30166,33.664,0.174,0.000,7.884,18.880,true,25.591,0.000,1338,452,452,24312,0.0,200.0,-1476.6
30194,28.372,1.017,0.000,9.550,30.324,true,17.793,0.000,1344,450,450,20714,0.0,200.0,-1478.3
30220,25.767,0.787,0.000,8.185,18.502,true,16.786,0.000,1350,453,453,25398,0.0,200.0,-1479.7
30271,50.840,0.355,0.000,12.157,21.296,true,38.314,0.000,1356,455,455,25402,0.0,200.0,-1481.0
30294,23.108,0.392,0.000,8.082,42.268,true,14.623,0.000,1362,454,454,25400,0.0,200.0,-1483.5
30343,48.355,0.283,0.000,11.858,19.229,true,36.198,0.000,1368,450,450,25392,0.0,200.0,-1484.7
30366,23.412,0.422,0.000,8.253,44.204,true,14.725,0.000,1373,451,451,25394,0.0,200.0,-1487.1
30416,49.582,0.177,0.000,11.464,19.494,true,37.928,0.000,1373,453,453,26100,0.0,200.0,-1488.3
30484,68.696,45.849,0.000,8.101,45.606,true,14.734,0.000,1332,453,453,26100,0.0,200.0,-1490.8
30525,40.923,0.220,0.000,8.481,19.001,true,32.204,0.000,1338,449,449,26092,0.0,200.0,-1494.2
30549,23.230,0.289,0.000,7.379,37.462,true,15.533,0.000,1344,449,449,26092,0.0,200.0,-1496.2
30574,24.982,0.265,0.000,7.805,14.608,true,16.892,0.000,1350,450,450,26094,0.0,200.0,-1497.4
30624,50.539,0.355,0.000,12.194,21.160,true,37.977,0.000,1356,453,453,26100,0.0,200.0,-1498.6
30647,23.198,0.395,0.000,8.099,42.114,true,14.695,0.000,1362,452,452,26098,0.0,200.0,-1501.2
